{
  "type": "FeatureCollection",
  "name": "testing",
  "features": [
    {
      "type": "Feature",
      "properties": {
        "type": "start_point",
        "name": "Start Point"
      },
      "geometry": {
        "type": "Point",
        "coordinates": [
          70.07954117,
          28.23517847
        ]
      }
    },
    {
      "type": "Feature",
      "properties": {
        "type": "killa",
        "name": "180/1",
        "block": 180,
        "muraba": 1,
        "killa": 1
      },
      "geometry": {
        "type": "Polygon",
        "coordinates": [
          [
            [
              70.07954117,
              28.23517847
            ],
            [
              70.07954815,
              28.23463637
            ],
            [
              70.08023184,
              28.2346432
            ],
            [
              70.08022485,
              28.23518531
            ],
            [
              70.07954117,
              28.23517847
            ]
          ]
        ]
      }
    },
    {
      "type": "Feature",
      "properties": {
        "type": "killa",
        "name": "2",
        "block": 180,
        "muraba": 1,
        "killa": 2
      },
      "geometry": {
        "type": "Polygon",
        "coordinates": [
          [
            [
              70.08022485,
              28.23518531
            ],
            [
              70.08023184,
              28.2346432
            ],
            [
              70.08091552,
              28.23465004
            ],
            [
              70.08090854,
              28.23519214
            ],
            [
              70.08022485,
              28.23518531
            ]
          ]
        ]
      }
    },
    {
      "type": "Feature",
      "properties": {
        "type": "killa",
        "name": "3",
        "block": 180,
        "muraba": 1,
        "killa": 3
      },
      "geometry": {
        "type": "Polygon",
        "coordinates": [
          [
            [
              70.08090854,
              28.23519214
            ],
            [
              70.08091552,
              28.23465004
            ],
            [
              70.08159921,
              28.23465687
            ],
            [
              70.08159223,
              28.23519897
            ],
            [
              70.08090854,
              28.23519214
            ]
          ]
        ]
      }
    },
    {
      "type": "Feature",
      "properties": {
        "type": "killa",
        "name": "4",
        "block": 180,
        "muraba": 1,
        "killa": 4
      },
      "geometry": {
        "type": "Polygon",
        "coordinates": [
          [
            [
              70.08159223,
              28.23519897
            ],
            [
              70.08159921,
              28.23465687
            ],
            [
              70.08228289,
              28.2346637
            ],
            [
              70.08227591,
              28.23520581
            ],
            [
              70.08159223,
              28.23519897
            ]
          ]
        ]
      }
    },
    {
      "type": "Feature",
      "properties": {
        "type": "killa",
        "name": "5",
        "block": 180,
        "muraba": 1,
        "killa": 5
      },
      "geometry": {
        "type": "Polygon",
        "coordinates": [
          [
            [
              70.08227591,
              28.23520581
            ],
            [
              70.08228289,
              28.2346637
            ],
            [
              70.08296658,
              28.23467054
            ],
            [
              70.0829596,
              28.23521264
            ],
            [
              70.08227591,
              28.23520581
            ]
          ]
        ]
      }
    },
    {
      "type": "Feature",
      "properties": {
        "type": "killa",
        "name": "6",
        "block": 180,
        "muraba": 1,
        "killa": 6
      },
      "geometry": {
        "type": "Polygon",
        "coordinates": [
          [
            [
              70.08228289,
              28.2346637
            ],
            [
              70.08228987,
              28.2341216
            ],
            [
              70.08297356,
              28.23412843
            ],
            [
              70.08296658,
              28.23467054
            ],
            [
              70.08228289,
              28.2346637
            ]
          ]
        ]
      }
    },
    {
      "type": "Feature",
      "properties": {
        "type": "killa",
        "name": "7",
        "block": 180,
        "muraba": 1,
        "killa": 7
      },
      "geometry": {
        "type": "Polygon",
        "coordinates": [
          [
            [
              70.08159921,
              28.23465687
            ],
            [
              70.08160619,
              28.23411476
            ],
            [
              70.08228987,
              28.2341216
            ],
            [
              70.08228289,
              28.2346637
            ],
            [
              70.08159921,
              28.23465687
            ]
          ]
        ]
      }
    },
    {
      "type": "Feature",
      "properties": {
        "type": "killa",
        "name": "8",
        "block": 180,
        "muraba": 1,
        "killa": 8
      },
      "geometry": {
        "type": "Polygon",
        "coordinates": [
          [
            [
              70.08091552,
              28.23465004
            ],
            [
              70.0809225,
              28.23410793
            ],
            [
              70.08160619,
              28.23411476
            ],
            [
              70.08159921,
              28.23465687
            ],
            [
              70.08091552,
              28.23465004
            ]
          ]
        ]
      }
    },
    {
      "type": "Feature",
      "properties": {
        "type": "killa",
        "name": "9",
        "block": 180,
        "muraba": 1,
        "killa": 9
      },
      "geometry": {
        "type": "Polygon",
        "coordinates": [
          [
            [
              70.08023184,
              28.2346432
            ],
            [
              70.08023882,
              28.2341011
            ],
            [
              70.0809225,
              28.23410793
            ],
            [
              70.08091552,
              28.23465004
            ],
            [
              70.08023184,
              28.2346432
            ]
          ]
        ]
      }
    },
    {
      "type": "Feature",
      "properties": {
        "type": "killa",
        "name": "10",
        "block": 180,
        "muraba": 1,
        "killa": 10
      },
      "geometry": {
        "type": "Polygon",
        "coordinates": [
          [
            [
              70.07954815,
              28.23463637
            ],
            [
              70.07955513,
              28.23409426
            ],
            [
              70.08023882,
              28.2341011
            ],
            [
              70.08023184,
              28.2346432
            ],
            [
              70.07954815,
              28.23463637
            ]
          ]
        ]
      }
    },
    {
      "type": "Feature",
      "properties": {
        "type": "killa",
        "name": "11",
        "block": 180,
        "muraba": 1,
        "killa": 11
      },
      "geometry": {
        "type": "Polygon",
        "coordinates": [
          [
            [
              70.07955513,
              28.23409426
            ],
            [
              70.07956211,
              28.23355215
            ],
            [
              70.0802458,
              28.23355899
            ],
            [
              70.08023882,
              28.2341011
            ],
            [
              70.07955513,
              28.23409426
            ]
          ]
        ]
      }
    },
    {
      "type": "Feature",
      "properties": {
        "type": "killa",
        "name": "12",
        "block": 180,
        "muraba": 1,
        "killa": 12
      },
      "geometry": {
        "type": "Polygon",
        "coordinates": [
          [
            [
              70.08023882,
              28.2341011
            ],
            [
              70.0802458,
              28.23355899
            ],
            [
              70.08092948,
              28.23356582
            ],
            [
              70.0809225,
              28.23410793
            ],
            [
              70.08023882,
              28.2341011
            ]
          ]
        ]
      }
    },
    {
      "type": "Feature",
      "properties": {
        "type": "killa",
        "name": "13",
        "block": 180,
        "muraba": 1,
        "killa": 13
      },
      "geometry": {
        "type": "Polygon",
        "coordinates": [
          [
            [
              70.0809225,
              28.23410793
            ],
            [
              70.08092948,
              28.23356582
            ],
            [
              70.08161317,
              28.23357266
            ],
            [
              70.08160619,
              28.23411476
            ],
            [
              70.0809225,
              28.23410793
            ]
          ]
        ]
      }
    },
    {
      "type": "Feature",
      "properties": {
        "type": "killa",
        "name": "14",
        "block": 180,
        "muraba": 1,
        "killa": 14
      },
      "geometry": {
        "type": "Polygon",
        "coordinates": [
          [
            [
              70.08160619,
              28.23411476
            ],
            [
              70.08161317,
              28.23357266
            ],
            [
              70.08229685,
              28.23357949
            ],
            [
              70.08228987,
              28.2341216
            ],
            [
              70.08160619,
              28.23411476
            ]
          ]
        ]
      }
    },
    {
      "type": "Feature",
      "properties": {
        "type": "killa",
        "name": "15",
        "block": 180,
        "muraba": 1,
        "killa": 15
      },
      "geometry": {
        "type": "Polygon",
        "coordinates": [
          [
            [
              70.08228987,
              28.2341216
            ],
            [
              70.08229685,
              28.23357949
            ],
            [
              70.08298054,
              28.23358632
            ],
            [
              70.08297356,
              28.23412843
            ],
            [
              70.08228987,
              28.2341216
            ]
          ]
        ]
      }
    },
    {
      "type": "Feature",
      "properties": {
        "type": "killa",
        "name": "16",
        "block": 180,
        "muraba": 1,
        "killa": 16
      },
      "geometry": {
        "type": "Polygon",
        "coordinates": [
          [
            [
              70.08229685,
              28.23357949
            ],
            [
              70.08230383,
              28.23303738
            ],
            [
              70.08298752,
              28.23304421
            ],
            [
              70.08298054,
              28.23358632
            ],
            [
              70.08229685,
              28.23357949
            ]
          ]
        ]
      }
    },
    {
      "type": "Feature",
      "properties": {
        "type": "killa",
        "name": "17",
        "block": 180,
        "muraba": 1,
        "killa": 17
      },
      "geometry": {
        "type": "Polygon",
        "coordinates": [
          [
            [
              70.08161317,
              28.23357266
            ],
            [
              70.08162015,
              28.23303054
            ],
            [
              70.08230383,
              28.23303738
            ],
            [
              70.08229685,
              28.23357949
            ],
            [
              70.08161317,
              28.23357266
            ]
          ]
        ]
      }
    },
    {
      "type": "Feature",
      "properties": {
        "type": "killa",
        "name": "18",
        "block": 180,
        "muraba": 1,
        "killa": 18
      },
      "geometry": {
        "type": "Polygon",
        "coordinates": [
          [
            [
              70.08092948,
              28.23356582
            ],
            [
              70.08093646,
              28.23302371
            ],
            [
              70.08162015,
              28.23303054
            ],
            [
              70.08161317,
              28.23357266
            ],
            [
              70.08092948,
              28.23356582
            ]
          ]
        ]
      }
    },
    {
      "type": "Feature",
      "properties": {
        "type": "killa",
        "name": "19",
        "block": 180,
        "muraba": 1,
        "killa": 19
      },
      "geometry": {
        "type": "Polygon",
        "coordinates": [
          [
            [
              70.0802458,
              28.23355899
            ],
            [
              70.08025278,
              28.23301688
            ],
            [
              70.08093646,
              28.23302371
            ],
            [
              70.08092948,
              28.23356582
            ],
            [
              70.0802458,
              28.23355899
            ]
          ]
        ]
      }
    },
    {
      "type": "Feature",
      "properties": {
        "type": "killa",
        "name": "20",
        "block": 180,
        "muraba": 1,
        "killa": 20
      },
      "geometry": {
        "type": "Polygon",
        "coordinates": [
          [
            [
              70.07956211,
              28.23355215
            ],
            [
              70.07956909,
              28.23301004
            ],
            [
              70.08025278,
              28.23301688
            ],
            [
              70.0802458,
              28.23355899
            ],
            [
              70.07956211,
              28.23355215
            ]
          ]
        ]
      }
    },
    {
      "type": "Feature",
      "properties": {
        "type": "killa",
        "name": "21",
        "block": 180,
        "muraba": 1,
        "killa": 21
      },
      "geometry": {
        "type": "Polygon",
        "coordinates": [
          [
            [
              70.07956909,
              28.23301004
            ],
            [
              70.07957607,
              28.23246793
            ],
            [
              70.08025976,
              28.23247476
            ],
            [
              70.08025278,
              28.23301688
            ],
            [
              70.07956909,
              28.23301004
            ]
          ]
        ]
      }
    },
    {
      "type": "Feature",
      "properties": {
        "type": "killa",
        "name": "22",
        "block": 180,
        "muraba": 1,
        "killa": 22
      },
      "geometry": {
        "type": "Polygon",
        "coordinates": [
          [
            [
              70.08025278,
              28.23301688
            ],
            [
              70.08025976,
              28.23247476
            ],
            [
              70.08094344,
              28.2324816
            ],
            [
              70.08093646,
              28.23302371
            ],
            [
              70.08025278,
              28.23301688
            ]
          ]
        ]
      }
    },
    {
      "type": "Feature",
      "properties": {
        "type": "killa",
        "name": "23",
        "block": 180,
        "muraba": 1,
        "killa": 23
      },
      "geometry": {
        "type": "Polygon",
        "coordinates": [
          [
            [
              70.08093646,
              28.23302371
            ],
            [
              70.08094344,
              28.2324816
            ],
            [
              70.08162713,
              28.23248843
            ],
            [
              70.08162015,
              28.23303054
            ],
            [
              70.08093646,
              28.23302371
            ]
          ]
        ]
      }
    },
    {
      "type": "Feature",
      "properties": {
        "type": "killa",
        "name": "24",
        "block": 180,
        "muraba": 1,
        "killa": 24
      },
      "geometry": {
        "type": "Polygon",
        "coordinates": [
          [
            [
              70.08162015,
              28.23303054
            ],
            [
              70.08162713,
              28.23248843
            ],
            [
              70.08231081,
              28.23249526
            ],
            [
              70.08230383,
              28.23303738
            ],
            [
              70.08162015,
              28.23303054
            ]
          ]
        ]
      }
    },
    {
      "type": "Feature",
      "properties": {
        "type": "killa",
        "name": "25",
        "block": 180,
        "muraba": 1,
        "killa": 25
      },
      "geometry": {
        "type": "Polygon",
        "coordinates": [
          [
            [
              70.08230383,
              28.23303738
            ],
            [
              70.08231081,
              28.23249526
            ],
            [
              70.0829945,
              28.2325021
            ],
            [
              70.08298752,
              28.23304421
            ],
            [
              70.08230383,
              28.23303738
            ]
          ]
        ]
      }
    },
    {
      "type": "Feature",
      "properties": {
        "type": "muraba",
        "name": "Muraba 1",
        "block": 180,
        "muraba": 1
      },
      "geometry": {
        "type": "Polygon",
        "coordinates": [
          [
            [
              70.07954117,
              28.23517847
            ],
            [
              70.07954815,
              28.23463637
            ],
            [
              70.07955513,
              28.23409426
            ],
            [
              70.07956211,
              28.23355215
            ],
            [
              70.07956909,
              28.23301004
            ],
            [
              70.07957607,
              28.23246793
            ],
            [
              70.08025976,
              28.23247476
            ],
            [
              70.08094344,
              28.2324816
            ],
            [
              70.08162713,
              28.23248843
            ],
            [
              70.08231081,
              28.23249526
            ],
            [
              70.0829945,
              28.2325021
            ],
            [
              70.08298752,
              28.23304421
            ],
            [
              70.08298054,
              28.23358632
            ],
            [
              70.08297356,
              28.23412843
            ],
            [
              70.08296658,
              28.23467054
            ],
            [
              70.0829596,
              28.23521264
            ],
            [
              70.08227591,
              28.23520581
            ],
            [
              70.08159223,
              28.23519897
            ],
            [
              70.08090854,
              28.23519214
            ],
            [
              70.08022485,
              28.23518531
            ],
            [
              70.07954117,
              28.23517847
            ]
          ]
        ]
      }
    },
    {
      "type": "Feature",
      "properties": {
        "type": "killa",
        "name": "180/2",
        "block": 180,
        "muraba": 2,
        "killa": 1
      },
      "geometry": {
        "type": "Polygon",
        "coordinates": [
          [
            [
              70.07957607,
              28.23246793
            ],
            [
              70.07958305,
              28.23192581
            ],
            [
              70.08026674,
              28.23193265
            ],
            [
              70.08025976,
              28.23247476
            ],
            [
              70.07957607,
              28.23246793
            ]
          ]
        ]
      }
    },
    {
      "type": "Feature",
      "properties": {
        "type": "killa",
        "name": "2",
        "block": 180,
        "muraba": 2,
        "killa": 2
      },
      "geometry": {
        "type": "Polygon",
        "coordinates": [
          [
            [
              70.08025976,
              28.23247476
            ],
            [
              70.08026674,
              28.23193265
            ],
            [
              70.08095043,
              28.23193948
            ],
            [
              70.08094344,
              28.2324816
            ],
            [
              70.08025976,
              28.23247476
            ]
          ]
        ]
      }
    },
    {
      "type": "Feature",
      "properties": {
        "type": "killa",
        "name": "3",
        "block": 180,
        "muraba": 2,
        "killa": 3
      },
      "geometry": {
        "type": "Polygon",
        "coordinates": [
          [
            [
              70.08094344,
              28.2324816
            ],
            [
              70.08095043,
              28.23193948
            ],
            [
              70.08163411,
              28.23194631
            ],
            [
              70.08162713,
              28.23248843
            ],
            [
              70.08094344,
              28.2324816
            ]
          ]
        ]
      }
    },
    {
      "type": "Feature",
      "properties": {
        "type": "killa",
        "name": "4",
        "block": 180,
        "muraba": 2,
        "killa": 4
      },
      "geometry": {
        "type": "Polygon",
        "coordinates": [
          [
            [
              70.08162713,
              28.23248843
            ],
            [
              70.08163411,
              28.23194631
            ],
            [
              70.0823178,
              28.23195315
            ],
            [
              70.08231081,
              28.23249526
            ],
            [
              70.08162713,
              28.23248843
            ]
          ]
        ]
      }
    },
    {
      "type": "Feature",
      "properties": {
        "type": "killa",
        "name": "5",
        "block": 180,
        "muraba": 2,
        "killa": 5
      },
      "geometry": {
        "type": "Polygon",
        "coordinates": [
          [
            [
              70.08231081,
              28.23249526
            ],
            [
              70.0823178,
              28.23195315
            ],
            [
              70.08300148,
              28.23195998
            ],
            [
              70.0829945,
              28.2325021
            ],
            [
              70.08231081,
              28.23249526
            ]
          ]
        ]
      }
    },
    {
      "type": "Feature",
      "properties": {
        "type": "killa",
        "name": "6",
        "block": 180,
        "muraba": 2,
        "killa": 6
      },
      "geometry": {
        "type": "Polygon",
        "coordinates": [
          [
            [
              70.0823178,
              28.23195315
            ],
            [
              70.08232478,
              28.23141103
            ],
            [
              70.08300846,
              28.23141786
            ],
            [
              70.08300148,
              28.23195998
            ],
            [
              70.0823178,
              28.23195315
            ]
          ]
        ]
      }
    },
    {
      "type": "Feature",
      "properties": {
        "type": "killa",
        "name": "7",
        "block": 180,
        "muraba": 2,
        "killa": 7
      },
      "geometry": {
        "type": "Polygon",
        "coordinates": [
          [
            [
              70.08163411,
              28.23194631
            ],
            [
              70.08164109,
              28.23140419
            ],
            [
              70.08232478,
              28.23141103
            ],
            [
              70.0823178,
              28.23195315
            ],
            [
              70.08163411,
              28.23194631
            ]
          ]
        ]
      }
    },
    {
      "type": "Feature",
      "properties": {
        "type": "killa",
        "name": "8",
        "block": 180,
        "muraba": 2,
        "killa": 8
      },
      "geometry": {
        "type": "Polygon",
        "coordinates": [
          [
            [
              70.08095043,
              28.23193948
            ],
            [
              70.08095741,
              28.23139736
            ],
            [
              70.08164109,
              28.23140419
            ],
            [
              70.08163411,
              28.23194631
            ],
            [
              70.08095043,
              28.23193948
            ]
          ]
        ]
      }
    },
    {
      "type": "Feature",
      "properties": {
        "type": "killa",
        "name": "9",
        "block": 180,
        "muraba": 2,
        "killa": 9
      },
      "geometry": {
        "type": "Polygon",
        "coordinates": [
          [
            [
              70.08026674,
              28.23193265
            ],
            [
              70.08027372,
              28.23139053
            ],
            [
              70.08095741,
              28.23139736
            ],
            [
              70.08095043,
              28.23193948
            ],
            [
              70.08026674,
              28.23193265
            ]
          ]
        ]
      }
    },
    {
      "type": "Feature",
      "properties": {
        "type": "killa",
        "name": "10",
        "block": 180,
        "muraba": 2,
        "killa": 10
      },
      "geometry": {
        "type": "Polygon",
        "coordinates": [
          [
            [
              70.07958305,
              28.23192581
            ],
            [
              70.07959004,
              28.23138369
            ],
            [
              70.08027372,
              28.23139053
            ],
            [
              70.08026674,
              28.23193265
            ],
            [
              70.07958305,
              28.23192581
            ]
          ]
        ]
      }
    },
    {
      "type": "Feature",
      "properties": {
        "type": "killa",
        "name": "11",
        "block": 180,
        "muraba": 2,
        "killa": 11
      },
      "geometry": {
        "type": "Polygon",
        "coordinates": [
          [
            [
              70.07959004,
              28.23138369
            ],
            [
              70.07959702,
              28.23084157
            ],
            [
              70.0802807,
              28.2308484
            ],
            [
              70.08027372,
              28.23139053
            ],
            [
              70.07959004,
              28.23138369
            ]
          ]
        ]
      }
    },
    {
      "type": "Feature",
      "properties": {
        "type": "killa",
        "name": "12",
        "block": 180,
        "muraba": 2,
        "killa": 12
      },
      "geometry": {
        "type": "Polygon",
        "coordinates": [
          [
            [
              70.08027372,
              28.23139053
            ],
            [
              70.0802807,
              28.2308484
            ],
            [
              70.08096439,
              28.23085524
            ],
            [
              70.08095741,
              28.23139736
            ],
            [
              70.08027372,
              28.23139053
            ]
          ]
        ]
      }
    },
    {
      "type": "Feature",
      "properties": {
        "type": "killa",
        "name": "13",
        "block": 180,
        "muraba": 2,
        "killa": 13
      },
      "geometry": {
        "type": "Polygon",
        "coordinates": [
          [
            [
              70.08095741,
              28.23139736
            ],
            [
              70.08096439,
              28.23085524
            ],
            [
              70.08164807,
              28.23086207
            ],
            [
              70.08164109,
              28.23140419
            ],
            [
              70.08095741,
              28.23139736
            ]
          ]
        ]
      }
    },
    {
      "type": "Feature",
      "properties": {
        "type": "killa",
        "name": "14",
        "block": 180,
        "muraba": 2,
        "killa": 14
      },
      "geometry": {
        "type": "Polygon",
        "coordinates": [
          [
            [
              70.08164109,
              28.23140419
            ],
            [
              70.08164807,
              28.23086207
            ],
            [
              70.08233176,
              28.2308689
            ],
            [
              70.08232478,
              28.23141103
            ],
            [
              70.08164109,
              28.23140419
            ]
          ]
        ]
      }
    },
    {
      "type": "Feature",
      "properties": {
        "type": "killa",
        "name": "15",
        "block": 180,
        "muraba": 2,
        "killa": 15
      },
      "geometry": {
        "type": "Polygon",
        "coordinates": [
          [
            [
              70.08232478,
              28.23141103
            ],
            [
              70.08233176,
              28.2308689
            ],
            [
              70.08301544,
              28.23087574
            ],
            [
              70.08300846,
              28.23141786
            ],
            [
              70.08232478,
              28.23141103
            ]
          ]
        ]
      }
    },
    {
      "type": "Feature",
      "properties": {
        "type": "killa",
        "name": "16",
        "block": 180,
        "muraba": 2,
        "killa": 16
      },
      "geometry": {
        "type": "Polygon",
        "coordinates": [
          [
            [
              70.08233176,
              28.2308689
            ],
            [
              70.08233874,
              28.23032678
            ],
            [
              70.08302242,
              28.23033361
            ],
            [
              70.08301544,
              28.23087574
            ],
            [
              70.08233176,
              28.2308689
            ]
          ]
        ]
      }
    },
    {
      "type": "Feature",
      "properties": {
        "type": "killa",
        "name": "17",
        "block": 180,
        "muraba": 2,
        "killa": 17
      },
      "geometry": {
        "type": "Polygon",
        "coordinates": [
          [
            [
              70.08164807,
              28.23086207
            ],
            [
              70.08165505,
              28.23031995
            ],
            [
              70.08233874,
              28.23032678
            ],
            [
              70.08233176,
              28.2308689
            ],
            [
              70.08164807,
              28.23086207
            ]
          ]
        ]
      }
    },
    {
      "type": "Feature",
      "properties": {
        "type": "killa",
        "name": "18",
        "block": 180,
        "muraba": 2,
        "killa": 18
      },
      "geometry": {
        "type": "Polygon",
        "coordinates": [
          [
            [
              70.08096439,
              28.23085524
            ],
            [
              70.08097137,
              28.23031311
            ],
            [
              70.08165505,
              28.23031995
            ],
            [
              70.08164807,
              28.23086207
            ],
            [
              70.08096439,
              28.23085524
            ]
          ]
        ]
      }
    },
    {
      "type": "Feature",
      "properties": {
        "type": "killa",
        "name": "19",
        "block": 180,
        "muraba": 2,
        "killa": 19
      },
      "geometry": {
        "type": "Polygon",
        "coordinates": [
          [
            [
              70.0802807,
              28.2308484
            ],
            [
              70.08028768,
              28.23030628
            ],
            [
              70.08097137,
              28.23031311
            ],
            [
              70.08096439,
              28.23085524
            ],
            [
              70.0802807,
              28.2308484
            ]
          ]
        ]
      }
    },
    {
      "type": "Feature",
      "properties": {
        "type": "killa",
        "name": "20",
        "block": 180,
        "muraba": 2,
        "killa": 20
      },
      "geometry": {
        "type": "Polygon",
        "coordinates": [
          [
            [
              70.07959702,
              28.23084157
            ],
            [
              70.079604,
              28.23029944
            ],
            [
              70.08028768,
              28.23030628
            ],
            [
              70.0802807,
              28.2308484
            ],
            [
              70.07959702,
              28.23084157
            ]
          ]
        ]
      }
    },
    {
      "type": "Feature",
      "properties": {
        "type": "killa",
        "name": "21",
        "block": 180,
        "muraba": 2,
        "killa": 21
      },
      "geometry": {
        "type": "Polygon",
        "coordinates": [
          [
            [
              70.079604,
              28.23029944
            ],
            [
              70.07961098,
              28.22975732
            ],
            [
              70.08029466,
              28.22976415
            ],
            [
              70.08028768,
              28.23030628
            ],
            [
              70.079604,
              28.23029944
            ]
          ]
        ]
      }
    },
    {
      "type": "Feature",
      "properties": {
        "type": "killa",
        "name": "22",
        "block": 180,
        "muraba": 2,
        "killa": 22
      },
      "geometry": {
        "type": "Polygon",
        "coordinates": [
          [
            [
              70.08028768,
              28.23030628
            ],
            [
              70.08029466,
              28.22976415
            ],
            [
              70.08097835,
              28.22977098
            ],
            [
              70.08097137,
              28.23031311
            ],
            [
              70.08028768,
              28.23030628
            ]
          ]
        ]
      }
    },
    {
      "type": "Feature",
      "properties": {
        "type": "killa",
        "name": "23",
        "block": 180,
        "muraba": 2,
        "killa": 23
      },
      "geometry": {
        "type": "Polygon",
        "coordinates": [
          [
            [
              70.08097137,
              28.23031311
            ],
            [
              70.08097835,
              28.22977098
            ],
            [
              70.08166203,
              28.22977782
            ],
            [
              70.08165505,
              28.23031995
            ],
            [
              70.08097137,
              28.23031311
            ]
          ]
        ]
      }
    },
    {
      "type": "Feature",
      "properties": {
        "type": "killa",
        "name": "24",
        "block": 180,
        "muraba": 2,
        "killa": 24
      },
      "geometry": {
        "type": "Polygon",
        "coordinates": [
          [
            [
              70.08165505,
              28.23031995
            ],
            [
              70.08166203,
              28.22977782
            ],
            [
              70.08234572,
              28.22978465
            ],
            [
              70.08233874,
              28.23032678
            ],
            [
              70.08165505,
              28.23031995
            ]
          ]
        ]
      }
    },
    {
      "type": "Feature",
      "properties": {
        "type": "killa",
        "name": "25",
        "block": 180,
        "muraba": 2,
        "killa": 25
      },
      "geometry": {
        "type": "Polygon",
        "coordinates": [
          [
            [
              70.08233874,
              28.23032678
            ],
            [
              70.08234572,
              28.22978465
            ],
            [
              70.0830294,
              28.22979149
            ],
            [
              70.08302242,
              28.23033361
            ],
            [
              70.08233874,
              28.23032678
            ]
          ]
        ]
      }
    },
    {
      "type": "Feature",
      "properties": {
        "type": "muraba",
        "name": "Muraba 2",
        "block": 180,
        "muraba": 2
      },
      "geometry": {
        "type": "Polygon",
        "coordinates": [
          [
            [
              70.07957607,
              28.23246793
            ],
            [
              70.07958305,
              28.23192581
            ],
            [
              70.07959004,
              28.23138369
            ],
            [
              70.07959702,
              28.23084157
            ],
            [
              70.079604,
              28.23029944
            ],
            [
              70.07961098,
              28.22975732
            ],
            [
              70.08029466,
              28.22976415
            ],
            [
              70.08097835,
              28.22977098
            ],
            [
              70.08166203,
              28.22977782
            ],
            [
              70.08234572,
              28.22978465
            ],
            [
              70.0830294,
              28.22979149
            ],
            [
              70.08302242,
              28.23033361
            ],
            [
              70.08301544,
              28.23087574
            ],
            [
              70.08300846,
              28.23141786
            ],
            [
              70.08300148,
              28.23195998
            ],
            [
              70.0829945,
              28.2325021
            ],
            [
              70.08231081,
              28.23249526
            ],
            [
              70.08162713,
              28.23248843
            ],
            [
              70.08094344,
              28.2324816
            ],
            [
              70.08025976,
              28.23247476
            ],
            [
              70.07957607,
              28.23246793
            ]
          ]
        ]
      }
    },
    {
      "type": "Feature",
      "properties": {
        "type": "killa",
        "name": "180/3",
        "block": 180,
        "muraba": 3,
        "killa": 1
      },
      "geometry": {
        "type": "Polygon",
        "coordinates": [
          [
            [
              70.07961098,
              28.22975732
            ],
            [
              70.07961796,
              28.22921518
            ],
            [
              70.08030164,
              28.22922202
            ],
            [
              70.08029466,
              28.22976415
            ],
            [
              70.07961098,
              28.22975732
            ]
          ]
        ]
      }
    },
    {
      "type": "Feature",
      "properties": {
        "type": "killa",
        "name": "2",
        "block": 180,
        "muraba": 3,
        "killa": 2
      },
      "geometry": {
        "type": "Polygon",
        "coordinates": [
          [
            [
              70.08029466,
              28.22976415
            ],
            [
              70.08030164,
              28.22922202
            ],
            [
              70.08098533,
              28.22922885
            ],
            [
              70.08097835,
              28.22977098
            ],
            [
              70.08029466,
              28.22976415
            ]
          ]
        ]
      }
    },
    {
      "type": "Feature",
      "properties": {
        "type": "killa",
        "name": "3",
        "block": 180,
        "muraba": 3,
        "killa": 3
      },
      "geometry": {
        "type": "Polygon",
        "coordinates": [
          [
            [
              70.08097835,
              28.22977098
            ],
            [
              70.08098533,
              28.22922885
            ],
            [
              70.08166901,
              28.22923569
            ],
            [
              70.08166203,
              28.22977782
            ],
            [
              70.08097835,
              28.22977098
            ]
          ]
        ]
      }
    },
    {
      "type": "Feature",
      "properties": {
        "type": "killa",
        "name": "4",
        "block": 180,
        "muraba": 3,
        "killa": 4
      },
      "geometry": {
        "type": "Polygon",
        "coordinates": [
          [
            [
              70.08166203,
              28.22977782
            ],
            [
              70.08166901,
              28.22923569
            ],
            [
              70.0823527,
              28.22924252
            ],
            [
              70.08234572,
              28.22978465
            ],
            [
              70.08166203,
              28.22977782
            ]
          ]
        ]
      }
    },
    {
      "type": "Feature",
      "properties": {
        "type": "killa",
        "name": "5",
        "block": 180,
        "muraba": 3,
        "killa": 5
      },
      "geometry": {
        "type": "Polygon",
        "coordinates": [
          [
            [
              70.08234572,
              28.22978465
            ],
            [
              70.0823527,
              28.22924252
            ],
            [
              70.08303638,
              28.22924935
            ],
            [
              70.0830294,
              28.22979149
            ],
            [
              70.08234572,
              28.22978465
            ]
          ]
        ]
      }
    },
    {
      "type": "Feature",
      "properties": {
        "type": "killa",
        "name": "6",
        "block": 180,
        "muraba": 3,
        "killa": 6
      },
      "geometry": {
        "type": "Polygon",
        "coordinates": [
          [
            [
              70.0823527,
              28.22924252
            ],
            [
              70.08235968,
              28.22870039
            ],
            [
              70.08304337,
              28.22870722
            ],
            [
              70.08303638,
              28.22924935
            ],
            [
              70.0823527,
              28.22924252
            ]
          ]
        ]
      }
    },
    {
      "type": "Feature",
      "properties": {
        "type": "killa",
        "name": "7",
        "block": 180,
        "muraba": 3,
        "killa": 7
      },
      "geometry": {
        "type": "Polygon",
        "coordinates": [
          [
            [
              70.08166901,
              28.22923569
            ],
            [
              70.081676,
              28.22869355
            ],
            [
              70.08235968,
              28.22870039
            ],
            [
              70.0823527,
              28.22924252
            ],
            [
              70.08166901,
              28.22923569
            ]
          ]
        ]
      }
    },
    {
      "type": "Feature",
      "properties": {
        "type": "killa",
        "name": "8",
        "block": 180,
        "muraba": 3,
        "killa": 8
      },
      "geometry": {
        "type": "Polygon",
        "coordinates": [
          [
            [
              70.08098533,
              28.22922885
            ],
            [
              70.08099231,
              28.22868672
            ],
            [
              70.081676,
              28.22869355
            ],
            [
              70.08166901,
              28.22923569
            ],
            [
              70.08098533,
              28.22922885
            ]
          ]
        ]
      }
    },
    {
      "type": "Feature",
      "properties": {
        "type": "killa",
        "name": "9",
        "block": 180,
        "muraba": 3,
        "killa": 9
      },
      "geometry": {
        "type": "Polygon",
        "coordinates": [
          [
            [
              70.08030164,
              28.22922202
            ],
            [
              70.08030863,
              28.22867989
            ],
            [
              70.08099231,
              28.22868672
            ],
            [
              70.08098533,
              28.22922885
            ],
            [
              70.08030164,
              28.22922202
            ]
          ]
        ]
      }
    },
    {
      "type": "Feature",
      "properties": {
        "type": "killa",
        "name": "10",
        "block": 180,
        "muraba": 3,
        "killa": 10
      },
      "geometry": {
        "type": "Polygon",
        "coordinates": [
          [
            [
              70.07961796,
              28.22921518
            ],
            [
              70.07962494,
              28.22867305
            ],
            [
              70.08030863,
              28.22867989
            ],
            [
              70.08030164,
              28.22922202
            ],
            [
              70.07961796,
              28.22921518
            ]
          ]
        ]
      }
    },
    {
      "type": "Feature",
      "properties": {
        "type": "killa",
        "name": "11",
        "block": 180,
        "muraba": 3,
        "killa": 11
      },
      "geometry": {
        "type": "Polygon",
        "coordinates": [
          [
            [
              70.07962494,
              28.22867305
            ],
            [
              70.07963192,
              28.22813091
            ],
            [
              70.08031561,
              28.22813775
            ],
            [
              70.08030863,
              28.22867989
            ],
            [
              70.07962494,
              28.22867305
            ]
          ]
        ]
      }
    },
    {
      "type": "Feature",
      "properties": {
        "type": "killa",
        "name": "12",
        "block": 180,
        "muraba": 3,
        "killa": 12
      },
      "geometry": {
        "type": "Polygon",
        "coordinates": [
          [
            [
              70.08030863,
              28.22867989
            ],
            [
              70.08031561,
              28.22813775
            ],
            [
              70.08099929,
              28.22814458
            ],
            [
              70.08099231,
              28.22868672
            ],
            [
              70.08030863,
              28.22867989
            ]
          ]
        ]
      }
    },
    {
      "type": "Feature",
      "properties": {
        "type": "killa",
        "name": "13",
        "block": 180,
        "muraba": 3,
        "killa": 13
      },
      "geometry": {
        "type": "Polygon",
        "coordinates": [
          [
            [
              70.08099231,
              28.22868672
            ],
            [
              70.08099929,
              28.22814458
            ],
            [
              70.08168298,
              28.22815142
            ],
            [
              70.081676,
              28.22869355
            ],
            [
              70.08099231,
              28.22868672
            ]
          ]
        ]
      }
    },
    {
      "type": "Feature",
      "properties": {
        "type": "killa",
        "name": "14",
        "block": 180,
        "muraba": 3,
        "killa": 14
      },
      "geometry": {
        "type": "Polygon",
        "coordinates": [
          [
            [
              70.081676,
              28.22869355
            ],
            [
              70.08168298,
              28.22815142
            ],
            [
              70.08236666,
              28.22815825
            ],
            [
              70.08235968,
              28.22870039
            ],
            [
              70.081676,
              28.22869355
            ]
          ]
        ]
      }
    },
    {
      "type": "Feature",
      "properties": {
        "type": "killa",
        "name": "15",
        "block": 180,
        "muraba": 3,
        "killa": 15
      },
      "geometry": {
        "type": "Polygon",
        "coordinates": [
          [
            [
              70.08235968,
              28.22870039
            ],
            [
              70.08236666,
              28.22815825
            ],
            [
              70.08305035,
              28.22816508
            ],
            [
              70.08304337,
              28.22870722
            ],
            [
              70.08235968,
              28.22870039
            ]
          ]
        ]
      }
    },
    {
      "type": "Feature",
      "properties": {
        "type": "killa",
        "name": "16",
        "block": 180,
        "muraba": 3,
        "killa": 16
      },
      "geometry": {
        "type": "Polygon",
        "coordinates": [
          [
            [
              70.08236666,
              28.22815825
            ],
            [
              70.08237364,
              28.22761611
            ],
            [
              70.08305733,
              28.22762295
            ],
            [
              70.08305035,
              28.22816508
            ],
            [
              70.08236666,
              28.22815825
            ]
          ]
        ]
      }
    },
    {
      "type": "Feature",
      "properties": {
        "type": "killa",
        "name": "17",
        "block": 180,
        "muraba": 3,
        "killa": 17
      },
      "geometry": {
        "type": "Polygon",
        "coordinates": [
          [
            [
              70.08168298,
              28.22815142
            ],
            [
              70.08168996,
              28.22760928
            ],
            [
              70.08237364,
              28.22761611
            ],
            [
              70.08236666,
              28.22815825
            ],
            [
              70.08168298,
              28.22815142
            ]
          ]
        ]
      }
    },
    {
      "type": "Feature",
      "properties": {
        "type": "killa",
        "name": "18",
        "block": 180,
        "muraba": 3,
        "killa": 18
      },
      "geometry": {
        "type": "Polygon",
        "coordinates": [
          [
            [
              70.08099929,
              28.22814458
            ],
            [
              70.08100627,
              28.22760244
            ],
            [
              70.08168996,
              28.22760928
            ],
            [
              70.08168298,
              28.22815142
            ],
            [
              70.08099929,
              28.22814458
            ]
          ]
        ]
      }
    },
    {
      "type": "Feature",
      "properties": {
        "type": "killa",
        "name": "19",
        "block": 180,
        "muraba": 3,
        "killa": 19
      },
      "geometry": {
        "type": "Polygon",
        "coordinates": [
          [
            [
              70.08031561,
              28.22813775
            ],
            [
              70.08032259,
              28.22759561
            ],
            [
              70.08100627,
              28.22760244
            ],
            [
              70.08099929,
              28.22814458
            ],
            [
              70.08031561,
              28.22813775
            ]
          ]
        ]
      }
    },
    {
      "type": "Feature",
      "properties": {
        "type": "killa",
        "name": "20",
        "block": 180,
        "muraba": 3,
        "killa": 20
      },
      "geometry": {
        "type": "Polygon",
        "coordinates": [
          [
            [
              70.07963192,
              28.22813091
            ],
            [
              70.0796389,
              28.22758878
            ],
            [
              70.08032259,
              28.22759561
            ],
            [
              70.08031561,
              28.22813775
            ],
            [
              70.07963192,
              28.22813091
            ]
          ]
        ]
      }
    },
    {
      "type": "Feature",
      "properties": {
        "type": "killa",
        "name": "21",
        "block": 180,
        "muraba": 3,
        "killa": 21
      },
      "geometry": {
        "type": "Polygon",
        "coordinates": [
          [
            [
              70.0796389,
              28.22758878
            ],
            [
              70.07964588,
              28.22704663
            ],
            [
              70.08032957,
              28.22705347
            ],
            [
              70.08032259,
              28.22759561
            ],
            [
              70.0796389,
              28.22758878
            ]
          ]
        ]
      }
    },
    {
      "type": "Feature",
      "properties": {
        "type": "killa",
        "name": "22",
        "block": 180,
        "muraba": 3,
        "killa": 22
      },
      "geometry": {
        "type": "Polygon",
        "coordinates": [
          [
            [
              70.08032259,
              28.22759561
            ],
            [
              70.08032957,
              28.22705347
            ],
            [
              70.08101325,
              28.2270603
            ],
            [
              70.08100627,
              28.22760244
            ],
            [
              70.08032259,
              28.22759561
            ]
          ]
        ]
      }
    },
    {
      "type": "Feature",
      "properties": {
        "type": "killa",
        "name": "23",
        "block": 180,
        "muraba": 3,
        "killa": 23
      },
      "geometry": {
        "type": "Polygon",
        "coordinates": [
          [
            [
              70.08100627,
              28.22760244
            ],
            [
              70.08101325,
              28.2270603
            ],
            [
              70.08169694,
              28.22706714
            ],
            [
              70.08168996,
              28.22760928
            ],
            [
              70.08100627,
              28.22760244
            ]
          ]
        ]
      }
    },
    {
      "type": "Feature",
      "properties": {
        "type": "killa",
        "name": "24",
        "block": 180,
        "muraba": 3,
        "killa": 24
      },
      "geometry": {
        "type": "Polygon",
        "coordinates": [
          [
            [
              70.08168996,
              28.22760928
            ],
            [
              70.08169694,
              28.22706714
            ],
            [
              70.08238062,
              28.22707397
            ],
            [
              70.08237364,
              28.22761611
            ],
            [
              70.08168996,
              28.22760928
            ]
          ]
        ]
      }
    },
    {
      "type": "Feature",
      "properties": {
        "type": "killa",
        "name": "25",
        "block": 180,
        "muraba": 3,
        "killa": 25
      },
      "geometry": {
        "type": "Polygon",
        "coordinates": [
          [
            [
              70.08237364,
              28.22761611
            ],
            [
              70.08238062,
              28.22707397
            ],
            [
              70.08306431,
              28.2270808
            ],
            [
              70.08305733,
              28.22762295
            ],
            [
              70.08237364,
              28.22761611
            ]
          ]
        ]
      }
    },
    {
      "type": "Feature",
      "properties": {
        "type": "muraba",
        "name": "Muraba 3",
        "block": 180,
        "muraba": 3
      },
      "geometry": {
        "type": "Polygon",
        "coordinates": [
          [
            [
              70.07961098,
              28.22975732
            ],
            [
              70.07961796,
              28.22921518
            ],
            [
              70.07962494,
              28.22867305
            ],
            [
              70.07963192,
              28.22813091
            ],
            [
              70.0796389,
              28.22758878
            ],
            [
              70.07964588,
              28.22704663
            ],
            [
              70.08032957,
              28.22705347
            ],
            [
              70.08101325,
              28.2270603
            ],
            [
              70.08169694,
              28.22706714
            ],
            [
              70.08238062,
              28.22707397
            ],
            [
              70.08306431,
              28.2270808
            ],
            [
              70.08305733,
              28.22762295
            ],
            [
              70.08305035,
              28.22816508
            ],
            [
              70.08304337,
              28.22870722
            ],
            [
              70.08303638,
              28.22924935
            ],
            [
              70.0830294,
              28.22979149
            ],
            [
              70.08234572,
              28.22978465
            ],
            [
              70.08166203,
              28.22977782
            ],
            [
              70.08097835,
              28.22977098
            ],
            [
              70.08029466,
              28.22976415
            ],
            [
              70.07961098,
              28.22975732
            ]
          ]
        ]
      }
    },
    {
      "type": "Feature",
      "properties": {
        "type": "killa",
        "name": "180/5",
        "block": 180,
        "muraba": 5,
        "killa": 1
      },
      "geometry": {
        "type": "Polygon",
        "coordinates": [
          [
            [
              70.0829596,
              28.23521264
            ],
            [
              70.08296658,
              28.23467054
            ],
            [
              70.08365026,
              28.23467737
            ],
            [
              70.08364328,
              28.23521947
            ],
            [
              70.0829596,
              28.23521264
            ]
          ]
        ]
      }
    },
    {
      "type": "Feature",
      "properties": {
        "type": "killa",
        "name": "2",
        "block": 180,
        "muraba": 5,
        "killa": 2
      },
      "geometry": {
        "type": "Polygon",
        "coordinates": [
          [
            [
              70.08364328,
              28.23521947
            ],
            [
              70.08365026,
              28.23467737
            ],
            [
              70.08433395,
              28.23468421
            ],
            [
              70.08432697,
              28.23522631
            ],
            [
              70.08364328,
              28.23521947
            ]
          ]
        ]
      }
    },
    {
      "type": "Feature",
      "properties": {
        "type": "killa",
        "name": "3",
        "block": 180,
        "muraba": 5,
        "killa": 3
      },
      "geometry": {
        "type": "Polygon",
        "coordinates": [
          [
            [
              70.08432697,
              28.23522631
            ],
            [
              70.08433395,
              28.23468421
            ],
            [
              70.08501763,
              28.23469104
            ],
            [
              70.08501065,
              28.23523314
            ],
            [
              70.08432697,
              28.23522631
            ]
          ]
        ]
      }
    },
    {
      "type": "Feature",
      "properties": {
        "type": "killa",
        "name": "4",
        "block": 180,
        "muraba": 5,
        "killa": 4
      },
      "geometry": {
        "type": "Polygon",
        "coordinates": [
          [
            [
              70.08501065,
              28.23523314
            ],
            [
              70.08501763,
              28.23469104
            ],
            [
              70.08570132,
              28.23469787
            ],
            [
              70.08569434,
              28.23523998
            ],
            [
              70.08501065,
              28.23523314
            ]
          ]
        ]
      }
    },
    {
      "type": "Feature",
      "properties": {
        "type": "killa",
        "name": "5",
        "block": 180,
        "muraba": 5,
        "killa": 5
      },
      "geometry": {
        "type": "Polygon",
        "coordinates": [
          [
            [
              70.08569434,
              28.23523998
            ],
            [
              70.08570132,
              28.23469787
            ],
            [
              70.086385,
              28.23470471
            ],
            [
              70.08637802,
              28.23524681
            ],
            [
              70.08569434,
              28.23523998
            ]
          ]
        ]
      }
    },
    {
      "type": "Feature",
      "properties": {
        "type": "killa",
        "name": "6",
        "block": 180,
        "muraba": 5,
        "killa": 6
      },
      "geometry": {
        "type": "Polygon",
        "coordinates": [
          [
            [
              70.08570132,
              28.23469787
            ],
            [
              70.0857083,
              28.23415577
            ],
            [
              70.08639198,
              28.2341626
            ],
            [
              70.086385,
              28.23470471
            ],
            [
              70.08570132,
              28.23469787
            ]
          ]
        ]
      }
    },
    {
      "type": "Feature",
      "properties": {
        "type": "killa",
        "name": "7",
        "block": 180,
        "muraba": 5,
        "killa": 7
      },
      "geometry": {
        "type": "Polygon",
        "coordinates": [
          [
            [
              70.08501763,
              28.23469104
            ],
            [
              70.08502461,
              28.23414893
            ],
            [
              70.0857083,
              28.23415577
            ],
            [
              70.08570132,
              28.23469787
            ],
            [
              70.08501763,
              28.23469104
            ]
          ]
        ]
      }
    },
    {
      "type": "Feature",
      "properties": {
        "type": "killa",
        "name": "8",
        "block": 180,
        "muraba": 5,
        "killa": 8
      },
      "geometry": {
        "type": "Polygon",
        "coordinates": [
          [
            [
              70.08433395,
              28.23468421
            ],
            [
              70.08434093,
              28.2341421
            ],
            [
              70.08502461,
              28.23414893
            ],
            [
              70.08501763,
              28.23469104
            ],
            [
              70.08433395,
              28.23468421
            ]
          ]
        ]
      }
    },
    {
      "type": "Feature",
      "properties": {
        "type": "killa",
        "name": "9",
        "block": 180,
        "muraba": 5,
        "killa": 9
      },
      "geometry": {
        "type": "Polygon",
        "coordinates": [
          [
            [
              70.08365026,
              28.23467737
            ],
            [
              70.08365724,
              28.23413527
            ],
            [
              70.08434093,
              28.2341421
            ],
            [
              70.08433395,
              28.23468421
            ],
            [
              70.08365026,
              28.23467737
            ]
          ]
        ]
      }
    },
    {
      "type": "Feature",
      "properties": {
        "type": "killa",
        "name": "10",
        "block": 180,
        "muraba": 5,
        "killa": 10
      },
      "geometry": {
        "type": "Polygon",
        "coordinates": [
          [
            [
              70.08296658,
              28.23467054
            ],
            [
              70.08297356,
              28.23412843
            ],
            [
              70.08365724,
              28.23413527
            ],
            [
              70.08365026,
              28.23467737
            ],
            [
              70.08296658,
              28.23467054
            ]
          ]
        ]
      }
    },
    {
      "type": "Feature",
      "properties": {
        "type": "killa",
        "name": "11",
        "block": 180,
        "muraba": 5,
        "killa": 11
      },
      "geometry": {
        "type": "Polygon",
        "coordinates": [
          [
            [
              70.08297356,
              28.23412843
            ],
            [
              70.08298054,
              28.23358632
            ],
            [
              70.08366422,
              28.23359316
            ],
            [
              70.08365724,
              28.23413527
            ],
            [
              70.08297356,
              28.23412843
            ]
          ]
        ]
      }
    },
    {
      "type": "Feature",
      "properties": {
        "type": "killa",
        "name": "12",
        "block": 180,
        "muraba": 5,
        "killa": 12
      },
      "geometry": {
        "type": "Polygon",
        "coordinates": [
          [
            [
              70.08365724,
              28.23413527
            ],
            [
              70.08366422,
              28.23359316
            ],
            [
              70.08434791,
              28.23359999
            ],
            [
              70.08434093,
              28.2341421
            ],
            [
              70.08365724,
              28.23413527
            ]
          ]
        ]
      }
    },
    {
      "type": "Feature",
      "properties": {
        "type": "killa",
        "name": "13",
        "block": 180,
        "muraba": 5,
        "killa": 13
      },
      "geometry": {
        "type": "Polygon",
        "coordinates": [
          [
            [
              70.08434093,
              28.2341421
            ],
            [
              70.08434791,
              28.23359999
            ],
            [
              70.08503159,
              28.23360682
            ],
            [
              70.08502461,
              28.23414893
            ],
            [
              70.08434093,
              28.2341421
            ]
          ]
        ]
      }
    },
    {
      "type": "Feature",
      "properties": {
        "type": "killa",
        "name": "14",
        "block": 180,
        "muraba": 5,
        "killa": 14
      },
      "geometry": {
        "type": "Polygon",
        "coordinates": [
          [
            [
              70.08502461,
              28.23414893
            ],
            [
              70.08503159,
              28.23360682
            ],
            [
              70.08571528,
              28.23361366
            ],
            [
              70.0857083,
              28.23415577
            ],
            [
              70.08502461,
              28.23414893
            ]
          ]
        ]
      }
    },
    {
      "type": "Feature",
      "properties": {
        "type": "killa",
        "name": "15",
        "block": 180,
        "muraba": 5,
        "killa": 15
      },
      "geometry": {
        "type": "Polygon",
        "coordinates": [
          [
            [
              70.0857083,
              28.23415577
            ],
            [
              70.08571528,
              28.23361366
            ],
            [
              70.08639896,
              28.23362049
            ],
            [
              70.08639198,
              28.2341626
            ],
            [
              70.0857083,
              28.23415577
            ]
          ]
        ]
      }
    },
    {
      "type": "Feature",
      "properties": {
        "type": "killa",
        "name": "16",
        "block": 180,
        "muraba": 5,
        "killa": 16
      },
      "geometry": {
        "type": "Polygon",
        "coordinates": [
          [
            [
              70.08571528,
              28.23361366
            ],
            [
              70.08572226,
              28.23307155
            ],
            [
              70.08640594,
              28.23307838
            ],
            [
              70.08639896,
              28.23362049
            ],
            [
              70.08571528,
              28.23361366
            ]
          ]
        ]
      }
    },
    {
      "type": "Feature",
      "properties": {
        "type": "killa",
        "name": "17",
        "block": 180,
        "muraba": 5,
        "killa": 17
      },
      "geometry": {
        "type": "Polygon",
        "coordinates": [
          [
            [
              70.08503159,
              28.23360682
            ],
            [
              70.08503857,
              28.23306471
            ],
            [
              70.08572226,
              28.23307155
            ],
            [
              70.08571528,
              28.23361366
            ],
            [
              70.08503159,
              28.23360682
            ]
          ]
        ]
      }
    },
    {
      "type": "Feature",
      "properties": {
        "type": "killa",
        "name": "18",
        "block": 180,
        "muraba": 5,
        "killa": 18
      },
      "geometry": {
        "type": "Polygon",
        "coordinates": [
          [
            [
              70.08434791,
              28.23359999
            ],
            [
              70.08435489,
              28.23305788
            ],
            [
              70.08503857,
              28.23306471
            ],
            [
              70.08503159,
              28.23360682
            ],
            [
              70.08434791,
              28.23359999
            ]
          ]
        ]
      }
    },
    {
      "type": "Feature",
      "properties": {
        "type": "killa",
        "name": "19",
        "block": 180,
        "muraba": 5,
        "killa": 19
      },
      "geometry": {
        "type": "Polygon",
        "coordinates": [
          [
            [
              70.08366422,
              28.23359316
            ],
            [
              70.0836712,
              28.23305105
            ],
            [
              70.08435489,
              28.23305788
            ],
            [
              70.08434791,
              28.23359999
            ],
            [
              70.08366422,
              28.23359316
            ]
          ]
        ]
      }
    },
    {
      "type": "Feature",
      "properties": {
        "type": "killa",
        "name": "20",
        "block": 180,
        "muraba": 5,
        "killa": 20
      },
      "geometry": {
        "type": "Polygon",
        "coordinates": [
          [
            [
              70.08298054,
              28.23358632
            ],
            [
              70.08298752,
              28.23304421
            ],
            [
              70.0836712,
              28.23305105
            ],
            [
              70.08366422,
              28.23359316
            ],
            [
              70.08298054,
              28.23358632
            ]
          ]
        ]
      }
    },
    {
      "type": "Feature",
      "properties": {
        "type": "killa",
        "name": "21",
        "block": 180,
        "muraba": 5,
        "killa": 21
      },
      "geometry": {
        "type": "Polygon",
        "coordinates": [
          [
            [
              70.08298752,
              28.23304421
            ],
            [
              70.0829945,
              28.2325021
            ],
            [
              70.08367818,
              28.23250893
            ],
            [
              70.0836712,
              28.23305105
            ],
            [
              70.08298752,
              28.23304421
            ]
          ]
        ]
      }
    },
    {
      "type": "Feature",
      "properties": {
        "type": "killa",
        "name": "22",
        "block": 180,
        "muraba": 5,
        "killa": 22
      },
      "geometry": {
        "type": "Polygon",
        "coordinates": [
          [
            [
              70.0836712,
              28.23305105
            ],
            [
              70.08367818,
              28.23250893
            ],
            [
              70.08436187,
              28.23251577
            ],
            [
              70.08435489,
              28.23305788
            ],
            [
              70.0836712,
              28.23305105
            ]
          ]
        ]
      }
    },
    {
      "type": "Feature",
      "properties": {
        "type": "killa",
        "name": "23",
        "block": 180,
        "muraba": 5,
        "killa": 23
      },
      "geometry": {
        "type": "Polygon",
        "coordinates": [
          [
            [
              70.08435489,
              28.23305788
            ],
            [
              70.08436187,
              28.23251577
            ],
            [
              70.08504555,
              28.2325226
            ],
            [
              70.08503857,
              28.23306471
            ],
            [
              70.08435489,
              28.23305788
            ]
          ]
        ]
      }
    },
    {
      "type": "Feature",
      "properties": {
        "type": "killa",
        "name": "24",
        "block": 180,
        "muraba": 5,
        "killa": 24
      },
      "geometry": {
        "type": "Polygon",
        "coordinates": [
          [
            [
              70.08503857,
              28.23306471
            ],
            [
              70.08504555,
              28.2325226
            ],
            [
              70.08572924,
              28.23252943
            ],
            [
              70.08572226,
              28.23307155
            ],
            [
              70.08503857,
              28.23306471
            ]
          ]
        ]
      }
    },
    {
      "type": "Feature",
      "properties": {
        "type": "killa",
        "name": "25",
        "block": 180,
        "muraba": 5,
        "killa": 25
      },
      "geometry": {
        "type": "Polygon",
        "coordinates": [
          [
            [
              70.08572226,
              28.23307155
            ],
            [
              70.08572924,
              28.23252943
            ],
            [
              70.08641292,
              28.23253627
            ],
            [
              70.08640594,
              28.23307838
            ],
            [
              70.08572226,
              28.23307155
            ]
          ]
        ]
      }
    },
    {
      "type": "Feature",
      "properties": {
        "type": "muraba",
        "name": "Muraba 5",
        "block": 180,
        "muraba": 5
      },
      "geometry": {
        "type": "Polygon",
        "coordinates": [
          [
            [
              70.0829596,
              28.23521264
            ],
            [
              70.08296658,
              28.23467054
            ],
            [
              70.08297356,
              28.23412843
            ],
            [
              70.08298054,
              28.23358632
            ],
            [
              70.08298752,
              28.23304421
            ],
            [
              70.0829945,
              28.2325021
            ],
            [
              70.08367818,
              28.23250893
            ],
            [
              70.08436187,
              28.23251577
            ],
            [
              70.08504555,
              28.2325226
            ],
            [
              70.08572924,
              28.23252943
            ],
            [
              70.08641292,
              28.23253627
            ],
            [
              70.08640594,
              28.23307838
            ],
            [
              70.08639896,
              28.23362049
            ],
            [
              70.08639198,
              28.2341626
            ],
            [
              70.086385,
              28.23470471
            ],
            [
              70.08637802,
              28.23524681
            ],
            [
              70.08569434,
              28.23523998
            ],
            [
              70.08501065,
              28.23523314
            ],
            [
              70.08432697,
              28.23522631
            ],
            [
              70.08364328,
              28.23521947
            ],
            [
              70.0829596,
              28.23521264
            ]
          ]
        ]
      }
    },
    {
      "type": "Feature",
      "properties": {
        "type": "killa",
        "name": "180/6",
        "block": 180,
        "muraba": 6,
        "killa": 1
      },
      "geometry": {
        "type": "Polygon",
        "coordinates": [
          [
            [
              70.0829945,
              28.2325021
            ],
            [
              70.08300148,
              28.23195998
            ],
            [
              70.08368517,
              28.23196681
            ],
            [
              70.08367818,
              28.23250893
            ],
            [
              70.0829945,
              28.2325021
            ]
          ]
        ]
      }
    },
    {
      "type": "Feature",
      "properties": {
        "type": "killa",
        "name": "2",
        "block": 180,
        "muraba": 6,
        "killa": 2
      },
      "geometry": {
        "type": "Polygon",
        "coordinates": [
          [
            [
              70.08367818,
              28.23250893
            ],
            [
              70.08368517,
              28.23196681
            ],
            [
              70.08436885,
              28.23197365
            ],
            [
              70.08436187,
              28.23251577
            ],
            [
              70.08367818,
              28.23250893
            ]
          ]
        ]
      }
    },
    {
      "type": "Feature",
      "properties": {
        "type": "killa",
        "name": "3",
        "block": 180,
        "muraba": 6,
        "killa": 3
      },
      "geometry": {
        "type": "Polygon",
        "coordinates": [
          [
            [
              70.08436187,
              28.23251577
            ],
            [
              70.08436885,
              28.23197365
            ],
            [
              70.08505254,
              28.23198048
            ],
            [
              70.08504555,
              28.2325226
            ],
            [
              70.08436187,
              28.23251577
            ]
          ]
        ]
      }
    },
    {
      "type": "Feature",
      "properties": {
        "type": "killa",
        "name": "4",
        "block": 180,
        "muraba": 6,
        "killa": 4
      },
      "geometry": {
        "type": "Polygon",
        "coordinates": [
          [
            [
              70.08504555,
              28.2325226
            ],
            [
              70.08505254,
              28.23198048
            ],
            [
              70.08573622,
              28.23198732
            ],
            [
              70.08572924,
              28.23252943
            ],
            [
              70.08504555,
              28.2325226
            ]
          ]
        ]
      }
    },
    {
      "type": "Feature",
      "properties": {
        "type": "killa",
        "name": "5",
        "block": 180,
        "muraba": 6,
        "killa": 5
      },
      "geometry": {
        "type": "Polygon",
        "coordinates": [
          [
            [
              70.08572924,
              28.23252943
            ],
            [
              70.08573622,
              28.23198732
            ],
            [
              70.08641991,
              28.23199415
            ],
            [
              70.08641292,
              28.23253627
            ],
            [
              70.08572924,
              28.23252943
            ]
          ]
        ]
      }
    },
    {
      "type": "Feature",
      "properties": {
        "type": "killa",
        "name": "6",
        "block": 180,
        "muraba": 6,
        "killa": 6
      },
      "geometry": {
        "type": "Polygon",
        "coordinates": [
          [
            [
              70.08573622,
              28.23198732
            ],
            [
              70.0857432,
              28.2314452
            ],
            [
              70.08642689,
              28.23145203
            ],
            [
              70.08641991,
              28.23199415
            ],
            [
              70.08573622,
              28.23198732
            ]
          ]
        ]
      }
    },
    {
      "type": "Feature",
      "properties": {
        "type": "killa",
        "name": "7",
        "block": 180,
        "muraba": 6,
        "killa": 7
      },
      "geometry": {
        "type": "Polygon",
        "coordinates": [
          [
            [
              70.08505254,
              28.23198048
            ],
            [
              70.08505952,
              28.23143836
            ],
            [
              70.0857432,
              28.2314452
            ],
            [
              70.08573622,
              28.23198732
            ],
            [
              70.08505254,
              28.23198048
            ]
          ]
        ]
      }
    },
    {
      "type": "Feature",
      "properties": {
        "type": "killa",
        "name": "8",
        "block": 180,
        "muraba": 6,
        "killa": 8
      },
      "geometry": {
        "type": "Polygon",
        "coordinates": [
          [
            [
              70.08436885,
              28.23197365
            ],
            [
              70.08437583,
              28.23143153
            ],
            [
              70.08505952,
              28.23143836
            ],
            [
              70.08505254,
              28.23198048
            ],
            [
              70.08436885,
              28.23197365
            ]
          ]
        ]
      }
    },
    {
      "type": "Feature",
      "properties": {
        "type": "killa",
        "name": "9",
        "block": 180,
        "muraba": 6,
        "killa": 9
      },
      "geometry": {
        "type": "Polygon",
        "coordinates": [
          [
            [
              70.08368517,
              28.23196681
            ],
            [
              70.08369215,
              28.23142469
            ],
            [
              70.08437583,
              28.23143153
            ],
            [
              70.08436885,
              28.23197365
            ],
            [
              70.08368517,
              28.23196681
            ]
          ]
        ]
      }
    },
    {
      "type": "Feature",
      "properties": {
        "type": "killa",
        "name": "10",
        "block": 180,
        "muraba": 6,
        "killa": 10
      },
      "geometry": {
        "type": "Polygon",
        "coordinates": [
          [
            [
              70.08300148,
              28.23195998
            ],
            [
              70.08300846,
              28.23141786
            ],
            [
              70.08369215,
              28.23142469
            ],
            [
              70.08368517,
              28.23196681
            ],
            [
              70.08300148,
              28.23195998
            ]
          ]
        ]
      }
    },
    {
      "type": "Feature",
      "properties": {
        "type": "killa",
        "name": "11",
        "block": 180,
        "muraba": 6,
        "killa": 11
      },
      "geometry": {
        "type": "Polygon",
        "coordinates": [
          [
            [
              70.08300846,
              28.23141786
            ],
            [
              70.08301544,
              28.23087574
            ],
            [
              70.08369913,
              28.23088257
            ],
            [
              70.08369215,
              28.23142469
            ],
            [
              70.08300846,
              28.23141786
            ]
          ]
        ]
      }
    },
    {
      "type": "Feature",
      "properties": {
        "type": "killa",
        "name": "12",
        "block": 180,
        "muraba": 6,
        "killa": 12
      },
      "geometry": {
        "type": "Polygon",
        "coordinates": [
          [
            [
              70.08369215,
              28.23142469
            ],
            [
              70.08369913,
              28.23088257
            ],
            [
              70.08438281,
              28.23088941
            ],
            [
              70.08437583,
              28.23143153
            ],
            [
              70.08369215,
              28.23142469
            ]
          ]
        ]
      }
    },
    {
      "type": "Feature",
      "properties": {
        "type": "killa",
        "name": "13",
        "block": 180,
        "muraba": 6,
        "killa": 13
      },
      "geometry": {
        "type": "Polygon",
        "coordinates": [
          [
            [
              70.08437583,
              28.23143153
            ],
            [
              70.08438281,
              28.23088941
            ],
            [
              70.0850665,
              28.23089624
            ],
            [
              70.08505952,
              28.23143836
            ],
            [
              70.08437583,
              28.23143153
            ]
          ]
        ]
      }
    },
    {
      "type": "Feature",
      "properties": {
        "type": "killa",
        "name": "14",
        "block": 180,
        "muraba": 6,
        "killa": 14
      },
      "geometry": {
        "type": "Polygon",
        "coordinates": [
          [
            [
              70.08505952,
              28.23143836
            ],
            [
              70.0850665,
              28.23089624
            ],
            [
              70.08575018,
              28.23090307
            ],
            [
              70.0857432,
              28.2314452
            ],
            [
              70.08505952,
              28.23143836
            ]
          ]
        ]
      }
    },
    {
      "type": "Feature",
      "properties": {
        "type": "killa",
        "name": "15",
        "block": 180,
        "muraba": 6,
        "killa": 15
      },
      "geometry": {
        "type": "Polygon",
        "coordinates": [
          [
            [
              70.0857432,
              28.2314452
            ],
            [
              70.08575018,
              28.23090307
            ],
            [
              70.08643387,
              28.23090991
            ],
            [
              70.08642689,
              28.23145203
            ],
            [
              70.0857432,
              28.2314452
            ]
          ]
        ]
      }
    },
    {
      "type": "Feature",
      "properties": {
        "type": "killa",
        "name": "16",
        "block": 180,
        "muraba": 6,
        "killa": 16
      },
      "geometry": {
        "type": "Polygon",
        "coordinates": [
          [
            [
              70.08575018,
              28.23090307
            ],
            [
              70.08575716,
              28.23036095
            ],
            [
              70.08644085,
              28.23036778
            ],
            [
              70.08643387,
              28.23090991
            ],
            [
              70.08575018,
              28.23090307
            ]
          ]
        ]
      }
    },
    {
      "type": "Feature",
      "properties": {
        "type": "killa",
        "name": "17",
        "block": 180,
        "muraba": 6,
        "killa": 17
      },
      "geometry": {
        "type": "Polygon",
        "coordinates": [
          [
            [
              70.0850665,
              28.23089624
            ],
            [
              70.08507348,
              28.23035411
            ],
            [
              70.08575716,
              28.23036095
            ],
            [
              70.08575018,
              28.23090307
            ],
            [
              70.0850665,
              28.23089624
            ]
          ]
        ]
      }
    },
    {
      "type": "Feature",
      "properties": {
        "type": "killa",
        "name": "18",
        "block": 180,
        "muraba": 6,
        "killa": 18
      },
      "geometry": {
        "type": "Polygon",
        "coordinates": [
          [
            [
              70.08438281,
              28.23088941
            ],
            [
              70.08438979,
              28.23034728
            ],
            [
              70.08507348,
              28.23035411
            ],
            [
              70.0850665,
              28.23089624
            ],
            [
              70.08438281,
              28.23088941
            ]
          ]
        ]
      }
    },
    {
      "type": "Feature",
      "properties": {
        "type": "killa",
        "name": "19",
        "block": 180,
        "muraba": 6,
        "killa": 19
      },
      "geometry": {
        "type": "Polygon",
        "coordinates": [
          [
            [
              70.08369913,
              28.23088257
            ],
            [
              70.08370611,
              28.23034045
            ],
            [
              70.08438979,
              28.23034728
            ],
            [
              70.08438281,
              28.23088941
            ],
            [
              70.08369913,
              28.23088257
            ]
          ]
        ]
      }
    },
    {
      "type": "Feature",
      "properties": {
        "type": "killa",
        "name": "20",
        "block": 180,
        "muraba": 6,
        "killa": 20
      },
      "geometry": {
        "type": "Polygon",
        "coordinates": [
          [
            [
              70.08301544,
              28.23087574
            ],
            [
              70.08302242,
              28.23033361
            ],
            [
              70.08370611,
              28.23034045
            ],
            [
              70.08369913,
              28.23088257
            ],
            [
              70.08301544,
              28.23087574
            ]
          ]
        ]
      }
    },
    {
      "type": "Feature",
      "properties": {
        "type": "killa",
        "name": "21",
        "block": 180,
        "muraba": 6,
        "killa": 21
      },
      "geometry": {
        "type": "Polygon",
        "coordinates": [
          [
            [
              70.08302242,
              28.23033361
            ],
            [
              70.0830294,
              28.22979149
            ],
            [
              70.08371309,
              28.22979832
            ],
            [
              70.08370611,
              28.23034045
            ],
            [
              70.08302242,
              28.23033361
            ]
          ]
        ]
      }
    },
    {
      "type": "Feature",
      "properties": {
        "type": "killa",
        "name": "22",
        "block": 180,
        "muraba": 6,
        "killa": 22
      },
      "geometry": {
        "type": "Polygon",
        "coordinates": [
          [
            [
              70.08370611,
              28.23034045
            ],
            [
              70.08371309,
              28.22979832
            ],
            [
              70.08439677,
              28.22980515
            ],
            [
              70.08438979,
              28.23034728
            ],
            [
              70.08370611,
              28.23034045
            ]
          ]
        ]
      }
    },
    {
      "type": "Feature",
      "properties": {
        "type": "killa",
        "name": "23",
        "block": 180,
        "muraba": 6,
        "killa": 23
      },
      "geometry": {
        "type": "Polygon",
        "coordinates": [
          [
            [
              70.08438979,
              28.23034728
            ],
            [
              70.08439677,
              28.22980515
            ],
            [
              70.08508046,
              28.22981199
            ],
            [
              70.08507348,
              28.23035411
            ],
            [
              70.08438979,
              28.23034728
            ]
          ]
        ]
      }
    },
    {
      "type": "Feature",
      "properties": {
        "type": "killa",
        "name": "24",
        "block": 180,
        "muraba": 6,
        "killa": 24
      },
      "geometry": {
        "type": "Polygon",
        "coordinates": [
          [
            [
              70.08507348,
              28.23035411
            ],
            [
              70.08508046,
              28.22981199
            ],
            [
              70.08576414,
              28.22981882
            ],
            [
              70.08575716,
              28.23036095
            ],
            [
              70.08507348,
              28.23035411
            ]
          ]
        ]
      }
    },
    {
      "type": "Feature",
      "properties": {
        "type": "killa",
        "name": "25",
        "block": 180,
        "muraba": 6,
        "killa": 25
      },
      "geometry": {
        "type": "Polygon",
        "coordinates": [
          [
            [
              70.08575716,
              28.23036095
            ],
            [
              70.08576414,
              28.22981882
            ],
            [
              70.08644783,
              28.22982565
            ],
            [
              70.08644085,
              28.23036778
            ],
            [
              70.08575716,
              28.23036095
            ]
          ]
        ]
      }
    },
    {
      "type": "Feature",
      "properties": {
        "type": "muraba",
        "name": "Muraba 6",
        "block": 180,
        "muraba": 6
      },
      "geometry": {
        "type": "Polygon",
        "coordinates": [
          [
            [
              70.0829945,
              28.2325021
            ],
            [
              70.08300148,
              28.23195998
            ],
            [
              70.08300846,
              28.23141786
            ],
            [
              70.08301544,
              28.23087574
            ],
            [
              70.08302242,
              28.23033361
            ],
            [
              70.0830294,
              28.22979149
            ],
            [
              70.08371309,
              28.22979832
            ],
            [
              70.08439677,
              28.22980515
            ],
            [
              70.08508046,
              28.22981199
            ],
            [
              70.08576414,
              28.22981882
            ],
            [
              70.08644783,
              28.22982565
            ],
            [
              70.08644085,
              28.23036778
            ],
            [
              70.08643387,
              28.23090991
            ],
            [
              70.08642689,
              28.23145203
            ],
            [
              70.08641991,
              28.23199415
            ],
            [
              70.08641292,
              28.23253627
            ],
            [
              70.08572924,
              28.23252943
            ],
            [
              70.08504555,
              28.2325226
            ],
            [
              70.08436187,
              28.23251577
            ],
            [
              70.08367818,
              28.23250893
            ],
            [
              70.0829945,
              28.2325021
            ]
          ]
        ]
      }
    },
    {
      "type": "Feature",
      "properties": {
        "type": "killa",
        "name": "180/7",
        "block": 180,
        "muraba": 7,
        "killa": 1
      },
      "geometry": {
        "type": "Polygon",
        "coordinates": [
          [
            [
              70.0830294,
              28.22979149
            ],
            [
              70.08303638,
              28.22924935
            ],
            [
              70.08372007,
              28.22925619
            ],
            [
              70.08371309,
              28.22979832
            ],
            [
              70.0830294,
              28.22979149
            ]
          ]
        ]
      }
    },
    {
      "type": "Feature",
      "properties": {
        "type": "killa",
        "name": "2",
        "block": 180,
        "muraba": 7,
        "killa": 2
      },
      "geometry": {
        "type": "Polygon",
        "coordinates": [
          [
            [
              70.08371309,
              28.22979832
            ],
            [
              70.08372007,
              28.22925619
            ],
            [
              70.08440375,
              28.22926302
            ],
            [
              70.08439677,
              28.22980515
            ],
            [
              70.08371309,
              28.22979832
            ]
          ]
        ]
      }
    },
    {
      "type": "Feature",
      "properties": {
        "type": "killa",
        "name": "3",
        "block": 180,
        "muraba": 7,
        "killa": 3
      },
      "geometry": {
        "type": "Polygon",
        "coordinates": [
          [
            [
              70.08439677,
              28.22980515
            ],
            [
              70.08440375,
              28.22926302
            ],
            [
              70.08508744,
              28.22926986
            ],
            [
              70.08508046,
              28.22981199
            ],
            [
              70.08439677,
              28.22980515
            ]
          ]
        ]
      }
    },
    {
      "type": "Feature",
      "properties": {
        "type": "killa",
        "name": "4",
        "block": 180,
        "muraba": 7,
        "killa": 4
      },
      "geometry": {
        "type": "Polygon",
        "coordinates": [
          [
            [
              70.08508046,
              28.22981199
            ],
            [
              70.08508744,
              28.22926986
            ],
            [
              70.08577112,
              28.22927669
            ],
            [
              70.08576414,
              28.22981882
            ],
            [
              70.08508046,
              28.22981199
            ]
          ]
        ]
      }
    },
    {
      "type": "Feature",
      "properties": {
        "type": "killa",
        "name": "5",
        "block": 180,
        "muraba": 7,
        "killa": 5
      },
      "geometry": {
        "type": "Polygon",
        "coordinates": [
          [
            [
              70.08576414,
              28.22981882
            ],
            [
              70.08577112,
              28.22927669
            ],
            [
              70.08645481,
              28.22928352
            ],
            [
              70.08644783,
              28.22982565
            ],
            [
              70.08576414,
              28.22981882
            ]
          ]
        ]
      }
    },
    {
      "type": "Feature",
      "properties": {
        "type": "killa",
        "name": "6",
        "block": 180,
        "muraba": 7,
        "killa": 6
      },
      "geometry": {
        "type": "Polygon",
        "coordinates": [
          [
            [
              70.08577112,
              28.22927669
            ],
            [
              70.08577811,
              28.22873456
            ],
            [
              70.08646179,
              28.22874139
            ],
            [
              70.08645481,
              28.22928352
            ],
            [
              70.08577112,
              28.22927669
            ]
          ]
        ]
      }
    },
    {
      "type": "Feature",
      "properties": {
        "type": "killa",
        "name": "7",
        "block": 180,
        "muraba": 7,
        "killa": 7
      },
      "geometry": {
        "type": "Polygon",
        "coordinates": [
          [
            [
              70.08508744,
              28.22926986
            ],
            [
              70.08509442,
              28.22872772
            ],
            [
              70.08577811,
              28.22873456
            ],
            [
              70.08577112,
              28.22927669
            ],
            [
              70.08508744,
              28.22926986
            ]
          ]
        ]
      }
    },
    {
      "type": "Feature",
      "properties": {
        "type": "killa",
        "name": "8",
        "block": 180,
        "muraba": 7,
        "killa": 8
      },
      "geometry": {
        "type": "Polygon",
        "coordinates": [
          [
            [
              70.08440375,
              28.22926302
            ],
            [
              70.08441074,
              28.22872089
            ],
            [
              70.08509442,
              28.22872772
            ],
            [
              70.08508744,
              28.22926986
            ],
            [
              70.08440375,
              28.22926302
            ]
          ]
        ]
      }
    },
    {
      "type": "Feature",
      "properties": {
        "type": "killa",
        "name": "9",
        "block": 180,
        "muraba": 7,
        "killa": 9
      },
      "geometry": {
        "type": "Polygon",
        "coordinates": [
          [
            [
              70.08372007,
              28.22925619
            ],
            [
              70.08372705,
              28.22871406
            ],
            [
              70.08441074,
              28.22872089
            ],
            [
              70.08440375,
              28.22926302
            ],
            [
              70.08372007,
              28.22925619
            ]
          ]
        ]
      }
    },
    {
      "type": "Feature",
      "properties": {
        "type": "killa",
        "name": "10",
        "block": 180,
        "muraba": 7,
        "killa": 10
      },
      "geometry": {
        "type": "Polygon",
        "coordinates": [
          [
            [
              70.08303638,
              28.22924935
            ],
            [
              70.08304337,
              28.22870722
            ],
            [
              70.08372705,
              28.22871406
            ],
            [
              70.08372007,
              28.22925619
            ],
            [
              70.08303638,
              28.22924935
            ]
          ]
        ]
      }
    },
    {
      "type": "Feature",
      "properties": {
        "type": "killa",
        "name": "11",
        "block": 180,
        "muraba": 7,
        "killa": 11
      },
      "geometry": {
        "type": "Polygon",
        "coordinates": [
          [
            [
              70.08304337,
              28.22870722
            ],
            [
              70.08305035,
              28.22816508
            ],
            [
              70.08373403,
              28.22817192
            ],
            [
              70.08372705,
              28.22871406
            ],
            [
              70.08304337,
              28.22870722
            ]
          ]
        ]
      }
    },
    {
      "type": "Feature",
      "properties": {
        "type": "killa",
        "name": "12",
        "block": 180,
        "muraba": 7,
        "killa": 12
      },
      "geometry": {
        "type": "Polygon",
        "coordinates": [
          [
            [
              70.08372705,
              28.22871406
            ],
            [
              70.08373403,
              28.22817192
            ],
            [
              70.08441772,
              28.22817875
            ],
            [
              70.08441074,
              28.22872089
            ],
            [
              70.08372705,
              28.22871406
            ]
          ]
        ]
      }
    },
    {
      "type": "Feature",
      "properties": {
        "type": "killa",
        "name": "13",
        "block": 180,
        "muraba": 7,
        "killa": 13
      },
      "geometry": {
        "type": "Polygon",
        "coordinates": [
          [
            [
              70.08441074,
              28.22872089
            ],
            [
              70.08441772,
              28.22817875
            ],
            [
              70.0851014,
              28.22818559
            ],
            [
              70.08509442,
              28.22872772
            ],
            [
              70.08441074,
              28.22872089
            ]
          ]
        ]
      }
    },
    {
      "type": "Feature",
      "properties": {
        "type": "killa",
        "name": "14",
        "block": 180,
        "muraba": 7,
        "killa": 14
      },
      "geometry": {
        "type": "Polygon",
        "coordinates": [
          [
            [
              70.08509442,
              28.22872772
            ],
            [
              70.0851014,
              28.22818559
            ],
            [
              70.08578509,
              28.22819242
            ],
            [
              70.08577811,
              28.22873456
            ],
            [
              70.08509442,
              28.22872772
            ]
          ]
        ]
      }
    },
    {
      "type": "Feature",
      "properties": {
        "type": "killa",
        "name": "15",
        "block": 180,
        "muraba": 7,
        "killa": 15
      },
      "geometry": {
        "type": "Polygon",
        "coordinates": [
          [
            [
              70.08577811,
              28.22873456
            ],
            [
              70.08578509,
              28.22819242
            ],
            [
              70.08646877,
              28.22819925
            ],
            [
              70.08646179,
              28.22874139
            ],
            [
              70.08577811,
              28.22873456
            ]
          ]
        ]
      }
    },
    {
      "type": "Feature",
      "properties": {
        "type": "killa",
        "name": "16",
        "block": 180,
        "muraba": 7,
        "killa": 16
      },
      "geometry": {
        "type": "Polygon",
        "coordinates": [
          [
            [
              70.08578509,
              28.22819242
            ],
            [
              70.08579207,
              28.22765028
            ],
            [
              70.08647575,
              28.22765712
            ],
            [
              70.08646877,
              28.22819925
            ],
            [
              70.08578509,
              28.22819242
            ]
          ]
        ]
      }
    },
    {
      "type": "Feature",
      "properties": {
        "type": "killa",
        "name": "17",
        "block": 180,
        "muraba": 7,
        "killa": 17
      },
      "geometry": {
        "type": "Polygon",
        "coordinates": [
          [
            [
              70.0851014,
              28.22818559
            ],
            [
              70.08510838,
              28.22764345
            ],
            [
              70.08579207,
              28.22765028
            ],
            [
              70.08578509,
              28.22819242
            ],
            [
              70.0851014,
              28.22818559
            ]
          ]
        ]
      }
    },
    {
      "type": "Feature",
      "properties": {
        "type": "killa",
        "name": "18",
        "block": 180,
        "muraba": 7,
        "killa": 18
      },
      "geometry": {
        "type": "Polygon",
        "coordinates": [
          [
            [
              70.08441772,
              28.22817875
            ],
            [
              70.0844247,
              28.22763661
            ],
            [
              70.08510838,
              28.22764345
            ],
            [
              70.0851014,
              28.22818559
            ],
            [
              70.08441772,
              28.22817875
            ]
          ]
        ]
      }
    },
    {
      "type": "Feature",
      "properties": {
        "type": "killa",
        "name": "19",
        "block": 180,
        "muraba": 7,
        "killa": 19
      },
      "geometry": {
        "type": "Polygon",
        "coordinates": [
          [
            [
              70.08373403,
              28.22817192
            ],
            [
              70.08374101,
              28.22762978
            ],
            [
              70.0844247,
              28.22763661
            ],
            [
              70.08441772,
              28.22817875
            ],
            [
              70.08373403,
              28.22817192
            ]
          ]
        ]
      }
    },
    {
      "type": "Feature",
      "properties": {
        "type": "killa",
        "name": "20",
        "block": 180,
        "muraba": 7,
        "killa": 20
      },
      "geometry": {
        "type": "Polygon",
        "coordinates": [
          [
            [
              70.08305035,
              28.22816508
            ],
            [
              70.08305733,
              28.22762295
            ],
            [
              70.08374101,
              28.22762978
            ],
            [
              70.08373403,
              28.22817192
            ],
            [
              70.08305035,
              28.22816508
            ]
          ]
        ]
      }
    },
    {
      "type": "Feature",
      "properties": {
        "type": "killa",
        "name": "21",
        "block": 180,
        "muraba": 7,
        "killa": 21
      },
      "geometry": {
        "type": "Polygon",
        "coordinates": [
          [
            [
              70.08305733,
              28.22762295
            ],
            [
              70.08306431,
              28.2270808
            ],
            [
              70.08374799,
              28.22708764
            ],
            [
              70.08374101,
              28.22762978
            ],
            [
              70.08305733,
              28.22762295
            ]
          ]
        ]
      }
    },
    {
      "type": "Feature",
      "properties": {
        "type": "killa",
        "name": "22",
        "block": 180,
        "muraba": 7,
        "killa": 22
      },
      "geometry": {
        "type": "Polygon",
        "coordinates": [
          [
            [
              70.08374101,
              28.22762978
            ],
            [
              70.08374799,
              28.22708764
            ],
            [
              70.08443168,
              28.22709447
            ],
            [
              70.0844247,
              28.22763661
            ],
            [
              70.08374101,
              28.22762978
            ]
          ]
        ]
      }
    },
    {
      "type": "Feature",
      "properties": {
        "type": "killa",
        "name": "23",
        "block": 180,
        "muraba": 7,
        "killa": 23
      },
      "geometry": {
        "type": "Polygon",
        "coordinates": [
          [
            [
              70.0844247,
              28.22763661
            ],
            [
              70.08443168,
              28.22709447
            ],
            [
              70.08511536,
              28.22710131
            ],
            [
              70.08510838,
              28.22764345
            ],
            [
              70.0844247,
              28.22763661
            ]
          ]
        ]
      }
    },
    {
      "type": "Feature",
      "properties": {
        "type": "killa",
        "name": "24",
        "block": 180,
        "muraba": 7,
        "killa": 24
      },
      "geometry": {
        "type": "Polygon",
        "coordinates": [
          [
            [
              70.08510838,
              28.22764345
            ],
            [
              70.08511536,
              28.22710131
            ],
            [
              70.08579905,
              28.22710814
            ],
            [
              70.08579207,
              28.22765028
            ],
            [
              70.08510838,
              28.22764345
            ]
          ]
        ]
      }
    },
    {
      "type": "Feature",
      "properties": {
        "type": "killa",
        "name": "25",
        "block": 180,
        "muraba": 7,
        "killa": 25
      },
      "geometry": {
        "type": "Polygon",
        "coordinates": [
          [
            [
              70.08579207,
              28.22765028
            ],
            [
              70.08579905,
              28.22710814
            ],
            [
              70.08648273,
              28.22711497
            ],
            [
              70.08647575,
              28.22765712
            ],
            [
              70.08579207,
              28.22765028
            ]
          ]
        ]
      }
    },
    {
      "type": "Feature",
      "properties": {
        "type": "muraba",
        "name": "Muraba 7",
        "block": 180,
        "muraba": 7
      },
      "geometry": {
        "type": "Polygon",
        "coordinates": [
          [
            [
              70.0830294,
              28.22979149
            ],
            [
              70.08303638,
              28.22924935
            ],
            [
              70.08304337,
              28.22870722
            ],
            [
              70.08305035,
              28.22816508
            ],
            [
              70.08305733,
              28.22762295
            ],
            [
              70.08306431,
              28.2270808
            ],
            [
              70.08374799,
              28.22708764
            ],
            [
              70.08443168,
              28.22709447
            ],
            [
              70.08511536,
              28.22710131
            ],
            [
              70.08579905,
              28.22710814
            ],
            [
              70.08648273,
              28.22711497
            ],
            [
              70.08647575,
              28.22765712
            ],
            [
              70.08646877,
              28.22819925
            ],
            [
              70.08646179,
              28.22874139
            ],
            [
              70.08645481,
              28.22928352
            ],
            [
              70.08644783,
              28.22982565
            ],
            [
              70.08576414,
              28.22981882
            ],
            [
              70.08508046,
              28.22981199
            ],
            [
              70.08439677,
              28.22980515
            ],
            [
              70.08371309,
              28.22979832
            ],
            [
              70.0830294,
              28.22979149
            ]
          ]
        ]
      }
    },
    {
      "type": "Feature",
      "properties": {
        "type": "block",
        "name": "Block 180",
        "block": 180
      },
      "geometry": {
        "type": "Polygon",
        "coordinates": [
          [
            [
              70.07954117,
              28.23517847
            ],
            [
              70.07954815,
              28.23463637
            ],
            [
              70.07955513,
              28.23409426
            ],
            [
              70.07956211,
              28.23355215
            ],
            [
              70.07956909,
              28.23301004
            ],
            [
              70.07957607,
              28.23246793
            ],
            [
              70.07958305,
              28.23192581
            ],
            [
              70.07959004,
              28.23138369
            ],
            [
              70.07959702,
              28.23084157
            ],
            [
              70.079604,
              28.23029944
            ],
            [
              70.07961098,
              28.22975732
            ],
            [
              70.07961796,
              28.22921518
            ],
            [
              70.07962494,
              28.22867305
            ],
            [
              70.07963192,
              28.22813091
            ],
            [
              70.0796389,
              28.22758878
            ],
            [
              70.07964588,
              28.22704663
            ],
            [
              70.08032957,
              28.22705347
            ],
            [
              70.08101325,
              28.2270603
            ],
            [
              70.08169694,
              28.22706714
            ],
            [
              70.08238062,
              28.22707397
            ],
            [
              70.08306431,
              28.2270808
            ],
            [
              70.08374799,
              28.22708764
            ],
            [
              70.08443168,
              28.22709447
            ],
            [
              70.08511536,
              28.22710131
            ],
            [
              70.08579905,
              28.22710814
            ],
            [
              70.08648273,
              28.22711497
            ],
            [
              70.08647575,
              28.22765712
            ],
            [
              70.08646877,
              28.22819925
            ],
            [
              70.08646179,
              28.22874139
            ],
            [
              70.08645481,
              28.22928352
            ],
            [
              70.08644783,
              28.22982565
            ],
            [
              70.08644085,
              28.23036778
            ],
            [
              70.08643387,
              28.23090991
            ],
            [
              70.08642689,
              28.23145203
            ],
            [
              70.08641991,
              28.23199415
            ],
            [
              70.08641292,
              28.23253627
            ],
            [
              70.08640594,
              28.23307838
            ],
            [
              70.08639896,
              28.23362049
            ],
            [
              70.08639198,
              28.2341626
            ],
            [
              70.086385,
              28.23470471
            ],
            [
              70.08637802,
              28.23524681
            ],
            [
              70.08569434,
              28.23523998
            ],
            [
              70.08501065,
              28.23523314
            ],
            [
              70.08432697,
              28.23522631
            ],
            [
              70.08364328,
              28.23521947
            ],
            [
              70.0829596,
              28.23521264
            ],
            [
              70.08227591,
              28.23520581
            ],
            [
              70.08159223,
              28.23519897
            ],
            [
              70.08090854,
              28.23519214
            ],
            [
              70.08022485,
              28.23518531
            ],
            [
              70.07954117,
              28.23517847
            ]
          ]
        ]
      }
    },
    {
      "type": "Feature",
      "properties": {
        "type": "killa",
        "name": "160/11",
        "block": 160,
        "muraba": 11,
        "killa": 1
      },
      "geometry": {
        "type": "Polygon",
        "coordinates": [
          [
            [
              70.07277413,
              28.22968898
            ],
            [
              70.07278111,
              28.22914685
            ],
            [
              70.07346479,
              28.22915368
            ],
            [
              70.07345781,
              28.22969581
            ],
            [
              70.07277413,
              28.22968898
            ]
          ]
        ]
      }
    },
    {
      "type": "Feature",
      "properties": {
        "type": "killa",
        "name": "2",
        "block": 160,
        "muraba": 11,
        "killa": 2
      },
      "geometry": {
        "type": "Polygon",
        "coordinates": [
          [
            [
              70.07345781,
              28.22969581
            ],
            [
              70.07346479,
              28.22915368
            ],
            [
              70.07414848,
              28.22916051
            ],
            [
              70.0741415,
              28.22970264
            ],
            [
              70.07345781,
              28.22969581
            ]
          ]
        ]
      }
    },
    {
      "type": "Feature",
      "properties": {
        "type": "killa",
        "name": "3",
        "block": 160,
        "muraba": 11,
        "killa": 3
      },
      "geometry": {
        "type": "Polygon",
        "coordinates": [
          [
            [
              70.0741415,
              28.22970264
            ],
            [
              70.07414848,
              28.22916051
            ],
            [
              70.07483216,
              28.22916735
            ],
            [
              70.07482518,
              28.22970948
            ],
            [
              70.0741415,
              28.22970264
            ]
          ]
        ]
      }
    },
    {
      "type": "Feature",
      "properties": {
        "type": "killa",
        "name": "4",
        "block": 160,
        "muraba": 11,
        "killa": 4
      },
      "geometry": {
        "type": "Polygon",
        "coordinates": [
          [
            [
              70.07482518,
              28.22970948
            ],
            [
              70.07483216,
              28.22916735
            ],
            [
              70.07551585,
              28.22917418
            ],
            [
              70.07550887,
              28.22971631
            ],
            [
              70.07482518,
              28.22970948
            ]
          ]
        ]
      }
    },
    {
      "type": "Feature",
      "properties": {
        "type": "killa",
        "name": "5",
        "block": 160,
        "muraba": 11,
        "killa": 5
      },
      "geometry": {
        "type": "Polygon",
        "coordinates": [
          [
            [
              70.07550887,
              28.22971631
            ],
            [
              70.07551585,
              28.22917418
            ],
            [
              70.07619953,
              28.22918101
            ],
            [
              70.07619255,
              28.22972315
            ],
            [
              70.07550887,
              28.22971631
            ]
          ]
        ]
      }
    },
    {
      "type": "Feature",
      "properties": {
        "type": "killa",
        "name": "6",
        "block": 160,
        "muraba": 11,
        "killa": 6
      },
      "geometry": {
        "type": "Polygon",
        "coordinates": [
          [
            [
              70.07551585,
              28.22917418
            ],
            [
              70.07552283,
              28.22863205
            ],
            [
              70.07620651,
              28.22863888
            ],
            [
              70.07619953,
              28.22918101
            ],
            [
              70.07551585,
              28.22917418
            ]
          ]
        ]
      }
    },
    {
      "type": "Feature",
      "properties": {
        "type": "killa",
        "name": "7",
        "block": 160,
        "muraba": 11,
        "killa": 7
      },
      "geometry": {
        "type": "Polygon",
        "coordinates": [
          [
            [
              70.07483216,
              28.22916735
            ],
            [
              70.07483914,
              28.22862521
            ],
            [
              70.07552283,
              28.22863205
            ],
            [
              70.07551585,
              28.22917418
            ],
            [
              70.07483216,
              28.22916735
            ]
          ]
        ]
      }
    },
    {
      "type": "Feature",
      "properties": {
        "type": "killa",
        "name": "8",
        "block": 160,
        "muraba": 11,
        "killa": 8
      },
      "geometry": {
        "type": "Polygon",
        "coordinates": [
          [
            [
              70.07414848,
              28.22916051
            ],
            [
              70.07415546,
              28.22861838
            ],
            [
              70.07483914,
              28.22862521
            ],
            [
              70.07483216,
              28.22916735
            ],
            [
              70.07414848,
              28.22916051
            ]
          ]
        ]
      }
    },
    {
      "type": "Feature",
      "properties": {
        "type": "killa",
        "name": "9",
        "block": 160,
        "muraba": 11,
        "killa": 9
      },
      "geometry": {
        "type": "Polygon",
        "coordinates": [
          [
            [
              70.07346479,
              28.22915368
            ],
            [
              70.07347177,
              28.22861155
            ],
            [
              70.07415546,
              28.22861838
            ],
            [
              70.07414848,
              28.22916051
            ],
            [
              70.07346479,
              28.22915368
            ]
          ]
        ]
      }
    },
    {
      "type": "Feature",
      "properties": {
        "type": "killa",
        "name": "10",
        "block": 160,
        "muraba": 11,
        "killa": 10
      },
      "geometry": {
        "type": "Polygon",
        "coordinates": [
          [
            [
              70.07278111,
              28.22914685
            ],
            [
              70.07278809,
              28.22860471
            ],
            [
              70.07347177,
              28.22861155
            ],
            [
              70.07346479,
              28.22915368
            ],
            [
              70.07278111,
              28.22914685
            ]
          ]
        ]
      }
    },
    {
      "type": "Feature",
      "properties": {
        "type": "killa",
        "name": "11",
        "block": 160,
        "muraba": 11,
        "killa": 11
      },
      "geometry": {
        "type": "Polygon",
        "coordinates": [
          [
            [
              70.07278809,
              28.22860471
            ],
            [
              70.07279507,
              28.22806257
            ],
            [
              70.07347876,
              28.22806941
            ],
            [
              70.07347177,
              28.22861155
            ],
            [
              70.07278809,
              28.22860471
            ]
          ]
        ]
      }
    },
    {
      "type": "Feature",
      "properties": {
        "type": "killa",
        "name": "12",
        "block": 160,
        "muraba": 11,
        "killa": 12
      },
      "geometry": {
        "type": "Polygon",
        "coordinates": [
          [
            [
              70.07347177,
              28.22861155
            ],
            [
              70.07347876,
              28.22806941
            ],
            [
              70.07416244,
              28.22807624
            ],
            [
              70.07415546,
              28.22861838
            ],
            [
              70.07347177,
              28.22861155
            ]
          ]
        ]
      }
    },
    {
      "type": "Feature",
      "properties": {
        "type": "killa",
        "name": "13",
        "block": 160,
        "muraba": 11,
        "killa": 13
      },
      "geometry": {
        "type": "Polygon",
        "coordinates": [
          [
            [
              70.07415546,
              28.22861838
            ],
            [
              70.07416244,
              28.22807624
            ],
            [
              70.07484613,
              28.22808308
            ],
            [
              70.07483914,
              28.22862521
            ],
            [
              70.07415546,
              28.22861838
            ]
          ]
        ]
      }
    },
    {
      "type": "Feature",
      "properties": {
        "type": "killa",
        "name": "14",
        "block": 160,
        "muraba": 11,
        "killa": 14
      },
      "geometry": {
        "type": "Polygon",
        "coordinates": [
          [
            [
              70.07483914,
              28.22862521
            ],
            [
              70.07484613,
              28.22808308
            ],
            [
              70.07552981,
              28.22808991
            ],
            [
              70.07552283,
              28.22863205
            ],
            [
              70.07483914,
              28.22862521
            ]
          ]
        ]
      }
    },
    {
      "type": "Feature",
      "properties": {
        "type": "killa",
        "name": "15",
        "block": 160,
        "muraba": 11,
        "killa": 15
      },
      "geometry": {
        "type": "Polygon",
        "coordinates": [
          [
            [
              70.07552283,
              28.22863205
            ],
            [
              70.07552981,
              28.22808991
            ],
            [
              70.0762135,
              28.22809674
            ],
            [
              70.07620651,
              28.22863888
            ],
            [
              70.07552283,
              28.22863205
            ]
          ]
        ]
      }
    },
    {
      "type": "Feature",
      "properties": {
        "type": "killa",
        "name": "16",
        "block": 160,
        "muraba": 11,
        "killa": 16
      },
      "geometry": {
        "type": "Polygon",
        "coordinates": [
          [
            [
              70.07552981,
              28.22808991
            ],
            [
              70.07553679,
              28.22754777
            ],
            [
              70.07622048,
              28.22755461
            ],
            [
              70.0762135,
              28.22809674
            ],
            [
              70.07552981,
              28.22808991
            ]
          ]
        ]
      }
    },
    {
      "type": "Feature",
      "properties": {
        "type": "killa",
        "name": "17",
        "block": 160,
        "muraba": 11,
        "killa": 17
      },
      "geometry": {
        "type": "Polygon",
        "coordinates": [
          [
            [
              70.07484613,
              28.22808308
            ],
            [
              70.07485311,
              28.22754094
            ],
            [
              70.07553679,
              28.22754777
            ],
            [
              70.07552981,
              28.22808991
            ],
            [
              70.07484613,
              28.22808308
            ]
          ]
        ]
      }
    },
    {
      "type": "Feature",
      "properties": {
        "type": "killa",
        "name": "18",
        "block": 160,
        "muraba": 11,
        "killa": 18
      },
      "geometry": {
        "type": "Polygon",
        "coordinates": [
          [
            [
              70.07416244,
              28.22807624
            ],
            [
              70.07416942,
              28.2275341
            ],
            [
              70.07485311,
              28.22754094
            ],
            [
              70.07484613,
              28.22808308
            ],
            [
              70.07416244,
              28.22807624
            ]
          ]
        ]
      }
    },
    {
      "type": "Feature",
      "properties": {
        "type": "killa",
        "name": "19",
        "block": 160,
        "muraba": 11,
        "killa": 19
      },
      "geometry": {
        "type": "Polygon",
        "coordinates": [
          [
            [
              70.07347876,
              28.22806941
            ],
            [
              70.07348574,
              28.22752727
            ],
            [
              70.07416942,
              28.2275341
            ],
            [
              70.07416244,
              28.22807624
            ],
            [
              70.07347876,
              28.22806941
            ]
          ]
        ]
      }
    },
    {
      "type": "Feature",
      "properties": {
        "type": "killa",
        "name": "20",
        "block": 160,
        "muraba": 11,
        "killa": 20
      },
      "geometry": {
        "type": "Polygon",
        "coordinates": [
          [
            [
              70.07279507,
              28.22806257
            ],
            [
              70.07280205,
              28.22752043
            ],
            [
              70.07348574,
              28.22752727
            ],
            [
              70.07347876,
              28.22806941
            ],
            [
              70.07279507,
              28.22806257
            ]
          ]
        ]
      }
    },
    {
      "type": "Feature",
      "properties": {
        "type": "killa",
        "name": "21",
        "block": 160,
        "muraba": 11,
        "killa": 21
      },
      "geometry": {
        "type": "Polygon",
        "coordinates": [
          [
            [
              70.07280205,
              28.22752043
            ],
            [
              70.07280903,
              28.22697829
            ],
            [
              70.07349272,
              28.22698513
            ],
            [
              70.07348574,
              28.22752727
            ],
            [
              70.07280205,
              28.22752043
            ]
          ]
        ]
      }
    },
    {
      "type": "Feature",
      "properties": {
        "type": "killa",
        "name": "22",
        "block": 160,
        "muraba": 11,
        "killa": 22
      },
      "geometry": {
        "type": "Polygon",
        "coordinates": [
          [
            [
              70.07348574,
              28.22752727
            ],
            [
              70.07349272,
              28.22698513
            ],
            [
              70.0741764,
              28.22699196
            ],
            [
              70.07416942,
              28.2275341
            ],
            [
              70.07348574,
              28.22752727
            ]
          ]
        ]
      }
    },
    {
      "type": "Feature",
      "properties": {
        "type": "killa",
        "name": "23",
        "block": 160,
        "muraba": 11,
        "killa": 23
      },
      "geometry": {
        "type": "Polygon",
        "coordinates": [
          [
            [
              70.07416942,
              28.2275341
            ],
            [
              70.0741764,
              28.22699196
            ],
            [
              70.07486009,
              28.22699879
            ],
            [
              70.07485311,
              28.22754094
            ],
            [
              70.07416942,
              28.2275341
            ]
          ]
        ]
      }
    },
    {
      "type": "Feature",
      "properties": {
        "type": "killa",
        "name": "24",
        "block": 160,
        "muraba": 11,
        "killa": 24
      },
      "geometry": {
        "type": "Polygon",
        "coordinates": [
          [
            [
              70.07485311,
              28.22754094
            ],
            [
              70.07486009,
              28.22699879
            ],
            [
              70.07554377,
              28.22700563
            ],
            [
              70.07553679,
              28.22754777
            ],
            [
              70.07485311,
              28.22754094
            ]
          ]
        ]
      }
    },
    {
      "type": "Feature",
      "properties": {
        "type": "killa",
        "name": "25",
        "block": 160,
        "muraba": 11,
        "killa": 25
      },
      "geometry": {
        "type": "Polygon",
        "coordinates": [
          [
            [
              70.07553679,
              28.22754777
            ],
            [
              70.07554377,
              28.22700563
            ],
            [
              70.07622746,
              28.22701246
            ],
            [
              70.07622048,
              28.22755461
            ],
            [
              70.07553679,
              28.22754777
            ]
          ]
        ]
      }
    },
    {
      "type": "Feature",
      "properties": {
        "type": "muraba",
        "name": "Muraba 11",
        "block": 160,
        "muraba": 11
      },
      "geometry": {
        "type": "Polygon",
        "coordinates": [
          [
            [
              70.07277413,
              28.22968898
            ],
            [
              70.07278111,
              28.22914685
            ],
            [
              70.07278809,
              28.22860471
            ],
            [
              70.07279507,
              28.22806257
            ],
            [
              70.07280205,
              28.22752043
            ],
            [
              70.07280903,
              28.22697829
            ],
            [
              70.07349272,
              28.22698513
            ],
            [
              70.0741764,
              28.22699196
            ],
            [
              70.07486009,
              28.22699879
            ],
            [
              70.07554377,
              28.22700563
            ],
            [
              70.07622746,
              28.22701246
            ],
            [
              70.07622048,
              28.22755461
            ],
            [
              70.0762135,
              28.22809674
            ],
            [
              70.07620651,
              28.22863888
            ],
            [
              70.07619953,
              28.22918101
            ],
            [
              70.07619255,
              28.22972315
            ],
            [
              70.07550887,
              28.22971631
            ],
            [
              70.07482518,
              28.22970948
            ],
            [
              70.0741415,
              28.22970264
            ],
            [
              70.07345781,
              28.22969581
            ],
            [
              70.07277413,
              28.22968898
            ]
          ]
        ]
      }
    },
    {
      "type": "Feature",
      "properties": {
        "type": "killa",
        "name": "160/15",
        "block": 160,
        "muraba": 15,
        "killa": 1
      },
      "geometry": {
        "type": "Polygon",
        "coordinates": [
          [
            [
              70.07619255,
              28.22972315
            ],
            [
              70.07619953,
              28.22918101
            ],
            [
              70.07688322,
              28.22918785
            ],
            [
              70.07687624,
              28.22972998
            ],
            [
              70.07619255,
              28.22972315
            ]
          ]
        ]
      }
    },
    {
      "type": "Feature",
      "properties": {
        "type": "killa",
        "name": "2",
        "block": 160,
        "muraba": 15,
        "killa": 2
      },
      "geometry": {
        "type": "Polygon",
        "coordinates": [
          [
            [
              70.07687624,
              28.22972998
            ],
            [
              70.07688322,
              28.22918785
            ],
            [
              70.0775669,
              28.22919468
            ],
            [
              70.07755992,
              28.22973681
            ],
            [
              70.07687624,
              28.22972998
            ]
          ]
        ]
      }
    },
    {
      "type": "Feature",
      "properties": {
        "type": "killa",
        "name": "3",
        "block": 160,
        "muraba": 15,
        "killa": 3
      },
      "geometry": {
        "type": "Polygon",
        "coordinates": [
          [
            [
              70.07755992,
              28.22973681
            ],
            [
              70.0775669,
              28.22919468
            ],
            [
              70.07825059,
              28.22920152
            ],
            [
              70.07824361,
              28.22974365
            ],
            [
              70.07755992,
              28.22973681
            ]
          ]
        ]
      }
    },
    {
      "type": "Feature",
      "properties": {
        "type": "killa",
        "name": "4",
        "block": 160,
        "muraba": 15,
        "killa": 4
      },
      "geometry": {
        "type": "Polygon",
        "coordinates": [
          [
            [
              70.07824361,
              28.22974365
            ],
            [
              70.07825059,
              28.22920152
            ],
            [
              70.07893427,
              28.22920835
            ],
            [
              70.07892729,
              28.22975048
            ],
            [
              70.07824361,
              28.22974365
            ]
          ]
        ]
      }
    },
    {
      "type": "Feature",
      "properties": {
        "type": "killa",
        "name": "5",
        "block": 160,
        "muraba": 15,
        "killa": 5
      },
      "geometry": {
        "type": "Polygon",
        "coordinates": [
          [
            [
              70.07892729,
              28.22975048
            ],
            [
              70.07893427,
              28.22920835
            ],
            [
              70.07961796,
              28.22921518
            ],
            [
              70.07961098,
              28.22975732
            ],
            [
              70.07892729,
              28.22975048
            ]
          ]
        ]
      }
    },
    {
      "type": "Feature",
      "properties": {
        "type": "killa",
        "name": "6",
        "block": 160,
        "muraba": 15,
        "killa": 6
      },
      "geometry": {
        "type": "Polygon",
        "coordinates": [
          [
            [
              70.07893427,
              28.22920835
            ],
            [
              70.07894125,
              28.22866622
            ],
            [
              70.07962494,
              28.22867305
            ],
            [
              70.07961796,
              28.22921518
            ],
            [
              70.07893427,
              28.22920835
            ]
          ]
        ]
      }
    },
    {
      "type": "Feature",
      "properties": {
        "type": "killa",
        "name": "7",
        "block": 160,
        "muraba": 15,
        "killa": 7
      },
      "geometry": {
        "type": "Polygon",
        "coordinates": [
          [
            [
              70.07825059,
              28.22920152
            ],
            [
              70.07825757,
              28.22865938
            ],
            [
              70.07894125,
              28.22866622
            ],
            [
              70.07893427,
              28.22920835
            ],
            [
              70.07825059,
              28.22920152
            ]
          ]
        ]
      }
    },
    {
      "type": "Feature",
      "properties": {
        "type": "killa",
        "name": "8",
        "block": 160,
        "muraba": 15,
        "killa": 8
      },
      "geometry": {
        "type": "Polygon",
        "coordinates": [
          [
            [
              70.0775669,
              28.22919468
            ],
            [
              70.07757388,
              28.22865255
            ],
            [
              70.07825757,
              28.22865938
            ],
            [
              70.07825059,
              28.22920152
            ],
            [
              70.0775669,
              28.22919468
            ]
          ]
        ]
      }
    },
    {
      "type": "Feature",
      "properties": {
        "type": "killa",
        "name": "9",
        "block": 160,
        "muraba": 15,
        "killa": 9
      },
      "geometry": {
        "type": "Polygon",
        "coordinates": [
          [
            [
              70.07688322,
              28.22918785
            ],
            [
              70.0768902,
              28.22864572
            ],
            [
              70.07757388,
              28.22865255
            ],
            [
              70.0775669,
              28.22919468
            ],
            [
              70.07688322,
              28.22918785
            ]
          ]
        ]
      }
    },
    {
      "type": "Feature",
      "properties": {
        "type": "killa",
        "name": "10",
        "block": 160,
        "muraba": 15,
        "killa": 10
      },
      "geometry": {
        "type": "Polygon",
        "coordinates": [
          [
            [
              70.07619953,
              28.22918101
            ],
            [
              70.07620651,
              28.22863888
            ],
            [
              70.0768902,
              28.22864572
            ],
            [
              70.07688322,
              28.22918785
            ],
            [
              70.07619953,
              28.22918101
            ]
          ]
        ]
      }
    },
    {
      "type": "Feature",
      "properties": {
        "type": "killa",
        "name": "11",
        "block": 160,
        "muraba": 15,
        "killa": 11
      },
      "geometry": {
        "type": "Polygon",
        "coordinates": [
          [
            [
              70.07620651,
              28.22863888
            ],
            [
              70.0762135,
              28.22809674
            ],
            [
              70.07689718,
              28.22810358
            ],
            [
              70.0768902,
              28.22864572
            ],
            [
              70.07620651,
              28.22863888
            ]
          ]
        ]
      }
    },
    {
      "type": "Feature",
      "properties": {
        "type": "killa",
        "name": "12",
        "block": 160,
        "muraba": 15,
        "killa": 12
      },
      "geometry": {
        "type": "Polygon",
        "coordinates": [
          [
            [
              70.0768902,
              28.22864572
            ],
            [
              70.07689718,
              28.22810358
            ],
            [
              70.07758087,
              28.22811041
            ],
            [
              70.07757388,
              28.22865255
            ],
            [
              70.0768902,
              28.22864572
            ]
          ]
        ]
      }
    },
    {
      "type": "Feature",
      "properties": {
        "type": "killa",
        "name": "13",
        "block": 160,
        "muraba": 15,
        "killa": 13
      },
      "geometry": {
        "type": "Polygon",
        "coordinates": [
          [
            [
              70.07757388,
              28.22865255
            ],
            [
              70.07758087,
              28.22811041
            ],
            [
              70.07826455,
              28.22811725
            ],
            [
              70.07825757,
              28.22865938
            ],
            [
              70.07757388,
              28.22865255
            ]
          ]
        ]
      }
    },
    {
      "type": "Feature",
      "properties": {
        "type": "killa",
        "name": "14",
        "block": 160,
        "muraba": 15,
        "killa": 14
      },
      "geometry": {
        "type": "Polygon",
        "coordinates": [
          [
            [
              70.07825757,
              28.22865938
            ],
            [
              70.07826455,
              28.22811725
            ],
            [
              70.07894824,
              28.22812408
            ],
            [
              70.07894125,
              28.22866622
            ],
            [
              70.07825757,
              28.22865938
            ]
          ]
        ]
      }
    },
    {
      "type": "Feature",
      "properties": {
        "type": "killa",
        "name": "15",
        "block": 160,
        "muraba": 15,
        "killa": 15
      },
      "geometry": {
        "type": "Polygon",
        "coordinates": [
          [
            [
              70.07894125,
              28.22866622
            ],
            [
              70.07894824,
              28.22812408
            ],
            [
              70.07963192,
              28.22813091
            ],
            [
              70.07962494,
              28.22867305
            ],
            [
              70.07894125,
              28.22866622
            ]
          ]
        ]
      }
    },
    {
      "type": "Feature",
      "properties": {
        "type": "killa",
        "name": "16",
        "block": 160,
        "muraba": 15,
        "killa": 16
      },
      "geometry": {
        "type": "Polygon",
        "coordinates": [
          [
            [
              70.07894824,
              28.22812408
            ],
            [
              70.07895522,
              28.22758194
            ],
            [
              70.0796389,
              28.22758878
            ],
            [
              70.07963192,
              28.22813091
            ],
            [
              70.07894824,
              28.22812408
            ]
          ]
        ]
      }
    },
    {
      "type": "Feature",
      "properties": {
        "type": "killa",
        "name": "17",
        "block": 160,
        "muraba": 15,
        "killa": 17
      },
      "geometry": {
        "type": "Polygon",
        "coordinates": [
          [
            [
              70.07826455,
              28.22811725
            ],
            [
              70.07827153,
              28.22757511
            ],
            [
              70.07895522,
              28.22758194
            ],
            [
              70.07894824,
              28.22812408
            ],
            [
              70.07826455,
              28.22811725
            ]
          ]
        ]
      }
    },
    {
      "type": "Feature",
      "properties": {
        "type": "killa",
        "name": "18",
        "block": 160,
        "muraba": 15,
        "killa": 18
      },
      "geometry": {
        "type": "Polygon",
        "coordinates": [
          [
            [
              70.07758087,
              28.22811041
            ],
            [
              70.07758785,
              28.22756827
            ],
            [
              70.07827153,
              28.22757511
            ],
            [
              70.07826455,
              28.22811725
            ],
            [
              70.07758087,
              28.22811041
            ]
          ]
        ]
      }
    },
    {
      "type": "Feature",
      "properties": {
        "type": "killa",
        "name": "19",
        "block": 160,
        "muraba": 15,
        "killa": 19
      },
      "geometry": {
        "type": "Polygon",
        "coordinates": [
          [
            [
              70.07689718,
              28.22810358
            ],
            [
              70.07690416,
              28.22756144
            ],
            [
              70.07758785,
              28.22756827
            ],
            [
              70.07758087,
              28.22811041
            ],
            [
              70.07689718,
              28.22810358
            ]
          ]
        ]
      }
    },
    {
      "type": "Feature",
      "properties": {
        "type": "killa",
        "name": "20",
        "block": 160,
        "muraba": 15,
        "killa": 20
      },
      "geometry": {
        "type": "Polygon",
        "coordinates": [
          [
            [
              70.0762135,
              28.22809674
            ],
            [
              70.07622048,
              28.22755461
            ],
            [
              70.07690416,
              28.22756144
            ],
            [
              70.07689718,
              28.22810358
            ],
            [
              70.0762135,
              28.22809674
            ]
          ]
        ]
      }
    },
    {
      "type": "Feature",
      "properties": {
        "type": "killa",
        "name": "21",
        "block": 160,
        "muraba": 15,
        "killa": 21
      },
      "geometry": {
        "type": "Polygon",
        "coordinates": [
          [
            [
              70.07622048,
              28.22755461
            ],
            [
              70.07622746,
              28.22701246
            ],
            [
              70.07691114,
              28.2270193
            ],
            [
              70.07690416,
              28.22756144
            ],
            [
              70.07622048,
              28.22755461
            ]
          ]
        ]
      }
    },
    {
      "type": "Feature",
      "properties": {
        "type": "killa",
        "name": "22",
        "block": 160,
        "muraba": 15,
        "killa": 22
      },
      "geometry": {
        "type": "Polygon",
        "coordinates": [
          [
            [
              70.07690416,
              28.22756144
            ],
            [
              70.07691114,
              28.2270193
            ],
            [
              70.07759483,
              28.22702613
            ],
            [
              70.07758785,
              28.22756827
            ],
            [
              70.07690416,
              28.22756144
            ]
          ]
        ]
      }
    },
    {
      "type": "Feature",
      "properties": {
        "type": "killa",
        "name": "23",
        "block": 160,
        "muraba": 15,
        "killa": 23
      },
      "geometry": {
        "type": "Polygon",
        "coordinates": [
          [
            [
              70.07758785,
              28.22756827
            ],
            [
              70.07759483,
              28.22702613
            ],
            [
              70.07827851,
              28.22703297
            ],
            [
              70.07827153,
              28.22757511
            ],
            [
              70.07758785,
              28.22756827
            ]
          ]
        ]
      }
    },
    {
      "type": "Feature",
      "properties": {
        "type": "killa",
        "name": "24",
        "block": 160,
        "muraba": 15,
        "killa": 24
      },
      "geometry": {
        "type": "Polygon",
        "coordinates": [
          [
            [
              70.07827153,
              28.22757511
            ],
            [
              70.07827851,
              28.22703297
            ],
            [
              70.0789622,
              28.2270398
            ],
            [
              70.07895522,
              28.22758194
            ],
            [
              70.07827153,
              28.22757511
            ]
          ]
        ]
      }
    },
    {
      "type": "Feature",
      "properties": {
        "type": "killa",
        "name": "25",
        "block": 160,
        "muraba": 15,
        "killa": 25
      },
      "geometry": {
        "type": "Polygon",
        "coordinates": [
          [
            [
              70.07895522,
              28.22758194
            ],
            [
              70.0789622,
              28.2270398
            ],
            [
              70.07964588,
              28.22704663
            ],
            [
              70.0796389,
              28.22758878
            ],
            [
              70.07895522,
              28.22758194
            ]
          ]
        ]
      }
    },
    {
      "type": "Feature",
      "properties": {
        "type": "muraba",
        "name": "Muraba 15",
        "block": 160,
        "muraba": 15
      },
      "geometry": {
        "type": "Polygon",
        "coordinates": [
          [
            [
              70.07619255,
              28.22972315
            ],
            [
              70.07619953,
              28.22918101
            ],
            [
              70.07620651,
              28.22863888
            ],
            [
              70.0762135,
              28.22809674
            ],
            [
              70.07622048,
              28.22755461
            ],
            [
              70.07622746,
              28.22701246
            ],
            [
              70.07691114,
              28.2270193
            ],
            [
              70.07759483,
              28.22702613
            ],
            [
              70.07827851,
              28.22703297
            ],
            [
              70.0789622,
              28.2270398
            ],
            [
              70.07964588,
              28.22704663
            ],
            [
              70.0796389,
              28.22758878
            ],
            [
              70.07963192,
              28.22813091
            ],
            [
              70.07962494,
              28.22867305
            ],
            [
              70.07961796,
              28.22921518
            ],
            [
              70.07961098,
              28.22975732
            ],
            [
              70.07892729,
              28.22975048
            ],
            [
              70.07824361,
              28.22974365
            ],
            [
              70.07755992,
              28.22973681
            ],
            [
              70.07687624,
              28.22972998
            ],
            [
              70.07619255,
              28.22972315
            ]
          ]
        ]
      }
    },
    {
      "type": "Feature",
      "properties": {
        "type": "block",
        "name": "Block 160",
        "block": 160
      },
      "geometry": {
        "type": "Polygon",
        "coordinates": [
          [
            [
              70.07277413,
              28.22968898
            ],
            [
              70.07278111,
              28.22914685
            ],
            [
              70.07278809,
              28.22860471
            ],
            [
              70.07279507,
              28.22806257
            ],
            [
              70.07280205,
              28.22752043
            ],
            [
              70.07280903,
              28.22697829
            ],
            [
              70.07349272,
              28.22698513
            ],
            [
              70.0741764,
              28.22699196
            ],
            [
              70.07486009,
              28.22699879
            ],
            [
              70.07554377,
              28.22700563
            ],
            [
              70.07622746,
              28.22701246
            ],
            [
              70.07691114,
              28.2270193
            ],
            [
              70.07759483,
              28.22702613
            ],
            [
              70.07827851,
              28.22703297
            ],
            [
              70.0789622,
              28.2270398
            ],
            [
              70.07964588,
              28.22704663
            ],
            [
              70.0796389,
              28.22758878
            ],
            [
              70.07963192,
              28.22813091
            ],
            [
              70.07962494,
              28.22867305
            ],
            [
              70.07961796,
              28.22921518
            ],
            [
              70.07961098,
              28.22975732
            ],
            [
              70.07892729,
              28.22975048
            ],
            [
              70.07824361,
              28.22974365
            ],
            [
              70.07755992,
              28.22973681
            ],
            [
              70.07687624,
              28.22972998
            ],
            [
              70.07619255,
              28.22972315
            ],
            [
              70.07550887,
              28.22971631
            ],
            [
              70.07482518,
              28.22970948
            ],
            [
              70.0741415,
              28.22970264
            ],
            [
              70.07345781,
              28.22969581
            ],
            [
              70.07277413,
              28.22968898
            ]
          ]
        ]
      }
    }
  ]
}